Image-Name,Human-Valence3,Human-Arousal3,Zero-Shot-Average-Valence-For-Image,Zero-Shot-Average-Arousal-For-Image,Zero-Shot-Average-Valence-For-Text,Zero-Shot-Average-Arousal-For-Text,Few-Shot-Average-Valence-For-Image,Few-Shot-Average-Arousal-For-Image,Few-Shot-Average-Valence-For-Text,Few-Shot-Average-Arousal-For-Text
A001,Negative,Stimulated,Negative,Calm,Negative,Neutral,Negative,Stimulated,Negative,Neutral
A002,Neutral,Stimulated,Negative,Stimulated,Neutral,Calm,Negative,Stimulated,Neutral,Neutral
A004,Negative,Stimulated,Negative,Stimulated,Negative,Neutral,Negative,Stimulated,Negative,Neutral
A005,Neutral,Stimulated,Negative,Stimulated,Positive,Stimulated,Negative,Stimulated,Positive,Stimulated
A006,Negative,Stimulated,Neutral,Calm,Positive,Calm,Neutral,Calm,Positive,Neutral
A007,Negative,Stimulated,Negative,Stimulated,Negative,Stimulated,Negative,Stimulated,Negative,Stimulated
A008,Negative,Stimulated,Negative,Stimulated,Negative,Stimulated,Negative,Stimulated,Negative,Stimulated
A009,Negative,Stimulated,Negative,Stimulated,Negative,Stimulated,Negative,Stimulated,Negative,Stimulated
A010,Negative,Stimulated,Negative,Calm,Negative,Stimulated,Negative,Neutral,Negative,Stimulated
A011,Negative,Stimulated,Negative,Calm,Neutral,Calm,Negative,Calm,Neutral,Calm
A013,Negative,Stimulated,Negative,Stimulated,Negative,Stimulated,Negative,Stimulated,Negative,Stimulated
A014,Negative,Stimulated,Negative,Stimulated,Negative,Stimulated,Negative,Stimulated,Negative,Stimulated
A015,Negative,Stimulated,Negative,Neutral,Neutral,Neutral,Negative,Stimulated,Negative,Stimulated
A016,Negative,Stimulated,Negative,Calm,Negative,Neutral,Negative,Stimulated,Negative,Stimulated
A017,Negative,Stimulated,Negative,Stimulated,Negative,Stimulated,Negative,Neutral,Negative,Stimulated
A018,Negative,Stimulated,Negative,Stimulated,Negative,Stimulated,Negative,Stimulated,Negative,Stimulated
A019,Negative,Neutral,Negative,Neutral,Negative,Stimulated,Negative,Stimulated,Negative,Stimulated
A020,Neutral,Stimulated,Neutral,Calm,Positive,Calm,Negative,Calm,Positive,Calm
A021,Negative,Stimulated,Negative,Neutral,Negative,Stimulated,Negative,Neutral,Negative,Stimulated
A022,Negative,Stimulated,Negative,Calm,Negative,Stimulated,Negative,Stimulated,Negative,Neutral
A023,Negative,Stimulated,Negative,Stimulated,Negative,Stimulated,Negative,Stimulated,Negative,Neutral
A024,Neutral,Stimulated,Negative,Stimulated,Positive,Neutral,Neutral,Neutral,Neutral,Stimulated
A025,Negative,Stimulated,Negative,Stimulated,Negative,Stimulated,Negative,Stimulated,Negative,Stimulated
A026,Negative,Stimulated,Negative,Calm,Negative,Stimulated,Negative,Stimulated,Negative,Neutral
A027,Negative,Stimulated,Negative,Calm,Negative,Calm,Negative,Calm,Negative,Calm
A028,Negative,Stimulated,Negative,Stimulated,Negative,Stimulated,Negative,Stimulated,Negative,Stimulated
A029,Negative,Stimulated,Negative,Stimulated,Negative,Neutral,Negative,Stimulated,Negative,Neutral
A030,Negative,Stimulated,Negative,Stimulated,Negative,Stimulated,Negative,Stimulated,Negative,Stimulated
A031,Neutral,Neutral,Negative,Neutral,Neutral,Calm,Negative,Neutral,Negative,Neutral
A032,Negative,Stimulated,Positive,Stimulated,Neutral,Neutral,Positive,Neutral,Neutral,Neutral
A033,Negative,Stimulated,Negative,Stimulated,Negative,Stimulated,Negative,Stimulated,Negative,Stimulated
A034,Negative,Stimulated,Negative,Stimulated,Negative,Stimulated,Negative,Stimulated,Negative,Stimulated
A035,Negative,Stimulated,Negative,Stimulated,Negative,Stimulated,Negative,Stimulated,Negative,Stimulated
A036,Negative,Stimulated,Negative,Calm,Negative,Neutral,Negative,Stimulated,Negative,Neutral
A037,Negative,Stimulated,Negative,Stimulated,Negative,Stimulated,Negative,Stimulated,Negative,Neutral
A038,Negative,Stimulated,Negative,Neutral,Negative,Stimulated,Negative,Neutral,Negative,Stimulated
A039,Neutral,Stimulated,Negative,Calm,Neutral,Calm,Negative,Neutral,Neutral,Neutral
A040,Negative,Stimulated,Negative,Calm,Negative,Neutral,Negative,Stimulated,Negative,Neutral
A041,Negative,Stimulated,Negative,Stimulated,Negative,Stimulated,Negative,Stimulated,Negative,Stimulated
A042,Negative,Stimulated,Negative,Stimulated,Neutral,Calm,Negative,Stimulated,Neutral,Calm
A043,Negative,Stimulated,Neutral,Calm,Neutral,Calm,Neutral,Calm,Neutral,Neutral
A044,Negative,Stimulated,Negative,Calm,Negative,Neutral,Neutral,Calm,Negative,Neutral
A045,Negative,Neutral,Neutral,Calm,Neutral,Calm,Neutral,Neutral,Neutral,Neutral
A047,Negative,Stimulated,Negative,Stimulated,Negative,Neutral,Negative,Stimulated,Negative,Neutral
A048,Negative,Stimulated,Negative,Stimulated,Neutral,Neutral,Negative,Stimulated,Neutral,Neutral
A049,Negative,Stimulated,Negative,Stimulated,Negative,Neutral,Negative,Stimulated,Neutral,Neutral
A050,Negative,Stimulated,Negative,Stimulated,Neutral,Neutral,Negative,Stimulated,Neutral,Neutral
A051,Negative,Stimulated,Negative,Calm,Negative,Neutral,Negative,Neutral,Negative,Neutral
A052,Negative,Stimulated,Negative,Calm,Negative,Stimulated,Negative,Stimulated,Negative,Stimulated
A053,Neutral,Neutral,Neutral,Calm,Negative,Neutral,Neutral,Calm,Neutral,Calm
A054,Negative,Stimulated,Negative,Stimulated,Neutral,Stimulated,Negative,Stimulated,Neutral,Stimulated
A055,Negative,Stimulated,Negative,Stimulated,Negative,Stimulated,Negative,Stimulated,Negative,Stimulated
A056,Negative,Stimulated,Negative,Neutral,Negative,Neutral,Negative,Neutral,Negative,Neutral
A057,Negative,Stimulated,Negative,Stimulated,Positive,Neutral,Negative,Stimulated,Positive,Neutral
A058,Negative,Stimulated,Negative,Stimulated,Neutral,Neutral,Negative,Stimulated,Neutral,Neutral
A059,Neutral,Stimulated,Neutral,Calm,Neutral,Calm,Neutral,Calm,Neutral,Neutral
A060,Negative,Stimulated,Neutral,Calm,Neutral,Calm,Neutral,Calm,Neutral,Calm
A061,Negative,Neutral,Negative,Stimulated,Negative,Neutral,Negative,Stimulated,Negative,Stimulated
A062,Negative,Stimulated,Negative,Stimulated,Negative,Stimulated,Negative,Stimulated,Negative,Stimulated
A063,Negative,Stimulated,Negative,Calm,Neutral,Calm,Neutral,Calm,Positive,Calm
A064,Negative,Stimulated,Negative,Calm,Neutral,Calm,Negative,Calm,Neutral,Calm
A067,Negative,Stimulated,Negative,Stimulated,Negative,Stimulated,Negative,Stimulated,Negative,Stimulated
A068,Negative,Stimulated,Negative,Stimulated,Negative,Stimulated,Negative,Stimulated,Negative,Stimulated
A069,Negative,Stimulated,Negative,Stimulated,Negative,Stimulated,Negative,Stimulated,Negative,Stimulated
A070,Negative,Stimulated,Negative,Stimulated,Negative,Stimulated,Negative,Stimulated,Negative,Neutral
A071,Negative,Stimulated,Negative,Calm,Negative,Calm,Negative,Neutral,Negative,Stimulated
A072,Negative,Stimulated,Negative,Calm,Negative,Calm,Negative,Neutral,Negative,Calm
A073,Negative,Stimulated,Negative,Stimulated,Negative,Neutral,Negative,Neutral,Negative,Stimulated
A074,Negative,Stimulated,Negative,Stimulated,Negative,Neutral,Negative,Stimulated,Neutral,Neutral
A075,Negative,Stimulated,Negative,Stimulated,Negative,Stimulated,Negative,Stimulated,Negative,Stimulated
A076,Negative,Stimulated,Negative,Stimulated,Negative,Neutral,Negative,Stimulated,Negative,Neutral
A077,Negative,Stimulated,Neutral,Calm,Neutral,Calm,Neutral,Calm,Neutral,Calm
A078,Negative,Neutral,Neutral,Calm,Neutral,Calm,Neutral,Neutral,Neutral,Calm
A079,Negative,Stimulated,Negative,Stimulated,Negative,Stimulated,Negative,Stimulated,Negative,Stimulated
A080,Neutral,Neutral,Neutral,Calm,Neutral,Calm,Neutral,Calm,Neutral,Calm
A081,Negative,Neutral,Neutral,Calm,Positive,Calm,Neutral,Calm,Positive,Calm
A082,Negative,Stimulated,Negative,Calm,Negative,Neutral,Negative,Neutral,Negative,Neutral
A083,Negative,Stimulated,Negative,Stimulated,Negative,Stimulated,Negative,Stimulated,Negative,Stimulated
A084,Negative,Stimulated,Negative,Stimulated,Negative,Neutral,Negative,Stimulated,Negative,Neutral
A085,Negative,Stimulated,Negative,Stimulated,Negative,Neutral,Negative,Stimulated,Negative,Neutral
A086,Negative,Stimulated,Negative,Stimulated,Negative,Stimulated,Negative,Stimulated,Negative,Stimulated
A087,Negative,Stimulated,Negative,Stimulated,Negative,Stimulated,Negative,Stimulated,Negative,Stimulated
A088,Negative,Stimulated,Negative,Stimulated,Negative,Neutral,Neutral,Neutral,Negative,Neutral
A089,Negative,Stimulated,Negative,Stimulated,Negative,Neutral,Negative,Stimulated,Negative,Neutral
A090,Neutral,Neutral,Neutral,Calm,Negative,Neutral,Neutral,Calm,Neutral,Neutral
A091,Negative,Stimulated,Negative,Stimulated,Negative,Neutral,Negative,Stimulated,Neutral,Neutral
A092,Negative,Stimulated,Negative,Stimulated,Negative,Neutral,Negative,Stimulated,Negative,Neutral
A093,Negative,Stimulated,Negative,Stimulated,Negative,Stimulated,Negative,Neutral,Negative,Neutral
A094,Neutral,Neutral,Neutral,Calm,Neutral,Stimulated,Neutral,Neutral,Neutral,Neutral
A095,Negative,Stimulated,Negative,Stimulated,Negative,Stimulated,Negative,Stimulated,Negative,Stimulated
A097,Negative,Stimulated,Negative,Stimulated,Negative,Stimulated,Negative,Stimulated,Negative,Stimulated
A098,Negative,Stimulated,Negative,Stimulated,Negative,Neutral,Negative,Stimulated,Negative,Neutral
A099,Negative,Stimulated,Negative,Stimulated,Negative,Stimulated,Negative,Stimulated,Negative,Neutral
A100,Negative,Stimulated,Negative,Stimulated,Negative,Stimulated,Negative,Stimulated,Negative,Stimulated
A101,Negative,Stimulated,Negative,Stimulated,Negative,Stimulated,Negative,Stimulated,Negative,Stimulated
A102,Neutral,Neutral,Negative,Stimulated,Positive,Neutral,Negative,Stimulated,Positive,Neutral
A103,Negative,Stimulated,Neutral,Calm,Neutral,Calm,Neutral,Calm,Neutral,Calm
A104,Negative,Stimulated,Negative,Stimulated,Negative,Stimulated,Negative,Stimulated,Negative,Stimulated
A105,Negative,Neutral,Negative,Neutral,Neutral,Calm,Negative,Neutral,Neutral,Neutral
A106,Negative,Stimulated,Negative,Neutral,Negative,Stimulated,Negative,Neutral,Negative,Stimulated
A107,Negative,Stimulated,Negative,Stimulated,Negative,Stimulated,Negative,Stimulated,Negative,Neutral
A108,Neutral,Stimulated,Negative,Stimulated,Neutral,Calm,Negative,Neutral,Neutral,Neutral
A109,Negative,Stimulated,Negative,Stimulated,Negative,Neutral,Negative,Stimulated,Negative,Neutral
A110,Negative,Stimulated,Negative,Stimulated,Negative,Stimulated,Negative,Stimulated,Negative,Stimulated
A111,Negative,Stimulated,Negative,Stimulated,Negative,Neutral,Negative,Neutral,Negative,Neutral
A112,Negative,Stimulated,Neutral,Calm,Neutral,Calm,Neutral,Calm,Neutral,Calm
A113,Negative,Stimulated,Negative,Neutral,Negative,Neutral,Neutral,Neutral,Negative,Neutral
A114,Negative,Stimulated,Negative,Stimulated,Negative,Neutral,Negative,Neutral,Neutral,Neutral
A115,Negative,Stimulated,Negative,Stimulated,Negative,Stimulated,Negative,Stimulated,Negative,Stimulated
A116,Negative,Stimulated,Negative,Stimulated,Negative,Stimulated,Negative,Stimulated,Negative,Stimulated
A117,Negative,Stimulated,Negative,Stimulated,Negative,Stimulated,Negative,Stimulated,Negative,Stimulated
A118,Negative,Stimulated,Negative,Stimulated,Negative,Calm,Negative,Stimulated,Negative,Neutral
A119,Negative,Stimulated,Negative,Calm,Negative,Stimulated,Negative,Stimulated,Negative,Neutral
A120,Negative,Stimulated,Negative,Calm,Negative,Neutral,Negative,Neutral,Negative,Stimulated
A121,Negative,Stimulated,Negative,Calm,Neutral,Calm,Negative,Neutral,Neutral,Calm
A122,Negative,Neutral,Negative,Stimulated,Negative,Neutral,Negative,Stimulated,Neutral,Neutral
A123,Negative,Stimulated,Negative,Stimulated,Neutral,Calm,Negative,Stimulated,Neutral,Neutral
A124,Neutral,Stimulated,Positive,Calm,Neutral,Calm,Positive,Calm,Neutral,Neutral
A125,Negative,Stimulated,Negative,Stimulated,Negative,Stimulated,Negative,Stimulated,Negative,Stimulated
A127,Negative,Stimulated,Negative,Stimulated,Negative,Stimulated,Negative,Stimulated,Negative,Stimulated
A128,Negative,Stimulated,Negative,Stimulated,Negative,Neutral,Negative,Stimulated,Negative,Neutral
A129,Negative,Neutral,Negative,Stimulated,Neutral,Calm,Neutral,Stimulated,Neutral,Neutral
A130,Negative,Stimulated,Neutral,Calm,Positive,Calm,Neutral,Calm,Positive,Calm
A131,Negative,Stimulated,Neutral,Calm,Neutral,Calm,Neutral,Calm,Neutral,Calm
H001,Neutral,Neutral,Positive,Calm,Positive,Calm,Positive,Calm,Positive,Calm
H002,Negative,Stimulated,Positive,Calm,Positive,Neutral,Neutral,Stimulated,Positive,Calm
H003,Negative,Stimulated,Negative,Stimulated,Neutral,Calm,Negative,Stimulated,Positive,Neutral
H005,Negative,Stimulated,Negative,Stimulated,Positive,Calm,Negative,Stimulated,Positive,Calm
H006,Negative,Stimulated,Neutral,Calm,Neutral,Calm,Neutral,Calm,Neutral,Calm
H007,Negative,Stimulated,Negative,Stimulated,Neutral,Stimulated,Negative,Stimulated,Neutral,Neutral
H008,Negative,Stimulated,Neutral,Calm,Positive,Neutral,Neutral,Calm,Positive,Neutral
H009,Neutral,Neutral,Neutral,Calm,Positive,Neutral,Neutral,Calm,Positive,Neutral
H010,Neutral,Neutral,Neutral,Calm,Neutral,Calm,Neutral,Neutral,Neutral,Calm
H011,Negative,Stimulated,Negative,Calm,Negative,Neutral,Negative,Calm,Negative,Neutral
H012,Neutral,Neutral,Neutral,Calm,Neutral,Calm,Neutral,Neutral,Neutral,Neutral
H013,Neutral,Stimulated,Positive,Stimulated,Positive,Stimulated,Positive,Stimulated,Positive,Stimulated
H014,Negative,Stimulated,Negative,Neutral,Negative,Neutral,Negative,Neutral,Neutral,Neutral
H015,Negative,Stimulated,Negative,Stimulated,Negative,Neutral,Negative,Stimulated,Negative,Neutral
H016,Negative,Stimulated,Negative,Stimulated,Negative,Stimulated,Negative,Stimulated,Negative,Stimulated
H017,Neutral,Neutral,Negative,Calm,Neutral,Calm,Neutral,Calm,Neutral,Neutral
H018,Neutral,Neutral,Neutral,Calm,Neutral,Calm,Neutral,Calm,Positive,Neutral
H019,Negative,Stimulated,Negative,Stimulated,Negative,Stimulated,Negative,Stimulated,Negative,Stimulated
H020,Neutral,Neutral,Positive,Stimulated,Positive,Neutral,Positive,Neutral,Positive,Neutral
H021,Neutral,Neutral,Neutral,Calm,Negative,Neutral,Neutral,Neutral,Neutral,Neutral
H022,Negative,Stimulated,Negative,Stimulated,Negative,Stimulated,Negative,Stimulated,Negative,Stimulated
H023,Neutral,Neutral,Positive,Neutral,Positive,Neutral,Neutral,Neutral,Positive,Neutral
H024,Negative,Neutral,Positive,Calm,Positive,Neutral,Positive,Calm,Positive,Neutral
H025,Neutral,Stimulated,Neutral,Calm,Positive,Calm,Neutral,Neutral,Positive,Calm
H026,Negative,Stimulated,Negative,Stimulated,Negative,Stimulated,Negative,Stimulated,Negative,Stimulated
H027,Neutral,Stimulated,Positive,Calm,Positive,Calm,Positive,Calm,Positive,Neutral
H028,Negative,Stimulated,Negative,Stimulated,Negative,Neutral,Neutral,Neutral,Neutral,Neutral
H029,Negative,Neutral,Neutral,Neutral,Positive,Neutral,Neutral,Neutral,Positive,Neutral
H030,Negative,Stimulated,Negative,Stimulated,Negative,Stimulated,Negative,Stimulated,Negative,Stimulated
H031,Negative,Stimulated,Negative,Calm,Negative,Calm,Negative,Calm,Negative,Neutral
H032,Negative,Stimulated,Negative,Stimulated,Negative,Stimulated,Negative,Stimulated,Negative,Stimulated
H033,Neutral,Stimulated,Neutral,Calm,Positive,Neutral,Neutral,Calm,Positive,Neutral
H034,Negative,Stimulated,Negative,Stimulated,Negative,Calm,Negative,Stimulated,Negative,Stimulated
H035,Negative,Stimulated,Negative,Neutral,Neutral,Calm,Neutral,Neutral,Neutral,Neutral
H036,Negative,Stimulated,Negative,Stimulated,Positive,Calm,Negative,Stimulated,Positive,Calm
H037,Negative,Stimulated,Negative,Calm,Negative,Stimulated,Negative,Stimulated,Negative,Stimulated
H038,Negative,Stimulated,Negative,Stimulated,Negative,Stimulated,Negative,Stimulated,Negative,Stimulated
H039,Negative,Stimulated,Negative,Stimulated,Neutral,Calm,Negative,Stimulated,Neutral,Neutral
H040,Neutral,Stimulated,Neutral,Calm,Neutral,Calm,Neutral,Neutral,Positive,Neutral
H041,Negative,Stimulated,Negative,Stimulated,Negative,Stimulated,Negative,Stimulated,Negative,Stimulated
H042,Neutral,Stimulated,Positive,Calm,Positive,Calm,Positive,Calm,Positive,Calm
H043,Negative,Stimulated,Neutral,Calm,Neutral,Calm,Neutral,Calm,Neutral,Neutral
H044,Negative,Stimulated,Neutral,Calm,Negative,Neutral,Neutral,Calm,Negative,Neutral
H045,Neutral,Neutral,Positive,Calm,Positive,Neutral,Positive,Calm,Positive,Neutral
H047,Neutral,Neutral,Neutral,Calm,Positive,Stimulated,Neutral,Neutral,Positive,Neutral
H048,Negative,Stimulated,Negative,Calm,Negative,Neutral,Neutral,Neutral,Negative,Neutral
H049,Negative,Stimulated,Negative,Neutral,Negative,Stimulated,Negative,Neutral,Negative,Stimulated
H050,Neutral,Neutral,Neutral,Neutral,Positive,Stimulated,Neutral,Neutral,Positive,Stimulated
H051,Negative,Stimulated,Negative,Calm,Negative,Neutral,Negative,Calm,Negative,Neutral
H052,Neutral,Neutral,Neutral,Calm,Neutral,Calm,Neutral,Neutral,Neutral,Neutral
H053,Negative,Stimulated,Neutral,Calm,Negative,Neutral,Neutral,Neutral,Negative,Neutral
H054,Neutral,Neutral,Neutral,Calm,Negative,Neutral,Neutral,Neutral,Neutral,Neutral
H055,Negative,Stimulated,Neutral,Stimulated,Neutral,Stimulated,Neutral,Stimulated,Neutral,Neutral
H056,Negative,Stimulated,Negative,Stimulated,Negative,Stimulated,Negative,Stimulated,Negative,Stimulated
H057,Neutral,Stimulated,Positive,Calm,Positive,Neutral,Neutral,Calm,Positive,Neutral
H058,Neutral,Stimulated,Positive,Calm,Positive,Neutral,Neutral,Neutral,Positive,Neutral
H059,Negative,Neutral,Neutral,Calm,Positive,Calm,Neutral,Calm,Positive,Calm
H060,Neutral,Neutral,Neutral,Calm,Neutral,Neutral,Neutral,Neutral,Positive,Neutral
H061,Negative,Stimulated,Neutral,Calm,Neutral,Calm,Neutral,Neutral,Neutral,Neutral
H062,Negative,Stimulated,Negative,Calm,Neutral,Calm,Negative,Neutral,Neutral,Neutral
H063,Negative,Stimulated,Negative,Stimulated,Negative,Stimulated,Negative,Stimulated,Negative,Stimulated
H064,Negative,Stimulated,Negative,Stimulated,Neutral,Stimulated,Negative,Stimulated,Neutral,Stimulated
H065,Negative,Stimulated,Neutral,Calm,Neutral,Stimulated,Neutral,Calm,Neutral,Neutral
H066,Negative,Stimulated,Negative,Calm,Neutral,Calm,Negative,Neutral,Neutral,Calm
H074,Negative,Stimulated,Negative,Stimulated,Negative,Stimulated,Negative,Stimulated,Negative,Stimulated
H076,Negative,Stimulated,Neutral,Stimulated,Neutral,Calm,Neutral,Stimulated,Neutral,Neutral
H077,Negative,Stimulated,Negative,Stimulated,Negative,Stimulated,Negative,Stimulated,Negative,Stimulated
H078,Negative,Stimulated,Negative,Calm,Negative,Calm,Negative,Neutral,Negative,Neutral
H079,Negative,Stimulated,Negative,Stimulated,Negative,Stimulated,Negative,Stimulated,Negative,Stimulated
H080,Negative,Stimulated,Neutral,Neutral,Neutral,Stimulated,Neutral,Neutral,Positive,Neutral
H081,Negative,Stimulated,Negative,Stimulated,Negative,Stimulated,Negative,Stimulated,Negative,Stimulated
H082,Negative,Stimulated,Negative,Stimulated,Negative,Stimulated,Negative,Stimulated,Negative,Stimulated
H083,Negative,Stimulated,Neutral,Calm,Positive,Calm,Neutral,Neutral,Positive,Calm
H084,Negative,Stimulated,Negative,Stimulated,Negative,Stimulated,Negative,Stimulated,Negative,Stimulated
H085,Neutral,Neutral,Negative,Stimulated,Neutral,Neutral,Neutral,Neutral,Neutral,Neutral
H086,Neutral,Neutral,Neutral,Neutral,Neutral,Neutral,Neutral,Calm,Neutral,Neutral
H087,Negative,Stimulated,Neutral,Calm,Positive,Calm,Neutral,Calm,Positive,Calm
H088,Negative,Stimulated,Neutral,Neutral,Neutral,Calm,Neutral,Calm,Neutral,Neutral
H089,Neutral,Stimulated,Neutral,Calm,Neutral,Calm,Neutral,Calm,Neutral,Neutral
H090,Neutral,Neutral,Positive,Calm,Positive,Calm,Positive,Calm,Positive,Neutral
H091,Negative,Stimulated,Negative,Stimulated,Negative,Stimulated,Negative,Stimulated,Negative,Stimulated
H092,Negative,Stimulated,Negative,Calm,Negative,Neutral,Negative,Stimulated,Negative,Neutral
H093,Negative,Stimulated,Negative,Calm,Neutral,Calm,Negative,Neutral,Neutral,Calm
H094,Neutral,Stimulated,Neutral,Neutral,Positive,Neutral,Neutral,Neutral,Positive,Neutral
H095,Negative,Neutral,Negative,Stimulated,Neutral,Neutral,Negative,Stimulated,Neutral,Neutral
H097,Negative,Stimulated,Negative,Stimulated,Neutral,Neutral,Negative,Stimulated,Neutral,Neutral
H098,Negative,Stimulated,Negative,Calm,Neutral,Calm,Neutral,Calm,Neutral,Calm
H099,Negative,Stimulated,Negative,Calm,Negative,Calm,Negative,Calm,Negative,Neutral
H100,Negative,Stimulated,Negative,Calm,Negative,Calm,Negative,Stimulated,Negative,Neutral
H101,Negative,Stimulated,Negative,Calm,Neutral,Calm,Negative,Neutral,Neutral,Calm
H102,Negative,Stimulated,Negative,Calm,Negative,Stimulated,Negative,Calm,Negative,Stimulated
H103,Neutral,Neutral,Neutral,Calm,Neutral,Calm,Neutral,Neutral,Neutral,Calm
H104,Negative,Stimulated,Negative,Stimulated,Negative,Stimulated,Negative,Stimulated,Negative,Stimulated
H105,Negative,Stimulated,Negative,Calm,Negative,Neutral,Negative,Neutral,Negative,Neutral
H106,Negative,Neutral,Negative,Calm,Neutral,Calm,Neutral,Neutral,Neutral,Neutral
H107,Negative,Stimulated,Negative,Calm,Negative,Neutral,Negative,Neutral,Negative,Neutral
H108,Negative,Stimulated,Positive,Calm,Positive,Calm,Positive,Calm,Positive,Neutral
H109,Neutral,Stimulated,Positive,Neutral,Positive,Neutral,Positive,Calm,Positive,Neutral
H110,Neutral,Stimulated,Negative,Calm,Negative,Stimulated,Negative,Stimulated,Negative,Stimulated
H112,Negative,Stimulated,Negative,Stimulated,Negative,Stimulated,Negative,Stimulated,Negative,Stimulated
H122,Negative,Stimulated,Negative,Stimulated,Negative,Stimulated,Negative,Stimulated,Negative,Stimulated
H123,Negative,Stimulated,Negative,Calm,Negative,Stimulated,Negative,Stimulated,Negative,Neutral
H124,Negative,Stimulated,Negative,Stimulated,Negative,Stimulated,Negative,Stimulated,Negative,Stimulated
H125,Negative,Stimulated,Negative,Stimulated,Positive,Stimulated,Negative,Stimulated,Positive,Stimulated
H126,Negative,Stimulated,Negative,Stimulated,Negative,Neutral,Negative,Neutral,Negative,Neutral
N001,Neutral,Calm,Neutral,Calm,Neutral,Calm,Neutral,Calm,Neutral,Calm
N002,Neutral,Neutral,Neutral,Calm,Neutral,Calm,Neutral,Calm,Neutral,Calm
N003,Neutral,Neutral,Neutral,Calm,Neutral,Calm,Neutral,Calm,Neutral,Calm
N004,Neutral,Neutral,Neutral,Calm,Neutral,Calm,Neutral,Calm,Neutral,Calm
N006,Neutral,Neutral,Neutral,Calm,Neutral,Calm,Neutral,Calm,Neutral,Neutral
N008,Neutral,Calm,Neutral,Calm,Neutral,Calm,Neutral,Calm,Neutral,Neutral
N009,Neutral,Calm,Neutral,Calm,Neutral,Calm,Neutral,Calm,Neutral,Calm
N010,Neutral,Calm,Neutral,Calm,Neutral,Calm,Neutral,Calm,Neutral,Calm
N011,Neutral,Neutral,Neutral,Calm,Neutral,Calm,Neutral,Calm,Neutral,Calm
N013,Neutral,Calm,Neutral,Calm,Neutral,Calm,Neutral,Calm,Neutral,Neutral
N014,Neutral,Calm,Neutral,Calm,Neutral,Calm,Neutral,Calm,Neutral,Calm
N015,Neutral,Neutral,Neutral,Calm,Neutral,Calm,Neutral,Calm,Neutral,Calm
N016,Neutral,Neutral,Neutral,Calm,Positive,Calm,Neutral,Calm,Positive,Calm
N017,Neutral,Calm,Neutral,Calm,Neutral,Calm,Neutral,Calm,Neutral,Calm
N018,Neutral,Calm,Neutral,Calm,Neutral,Calm,Neutral,Calm,Neutral,Calm
N019,Neutral,Neutral,Neutral,Calm,Neutral,Calm,Neutral,Calm,Neutral,Neutral
N020,Neutral,Neutral,Neutral,Calm,Neutral,Calm,Neutral,Calm,Neutral,Neutral
N021,Neutral,Neutral,Neutral,Calm,Neutral,Calm,Neutral,Calm,Neutral,Neutral
N022,Neutral,Calm,Neutral,Calm,Neutral,Calm,Neutral,Calm,Neutral,Neutral
N023,Neutral,Neutral,Neutral,Calm,Neutral,Calm,Neutral,Calm,Neutral,Neutral
N024,Neutral,Calm,Neutral,Calm,Neutral,Calm,Neutral,Calm,Neutral,Calm
N025,Neutral,Neutral,Neutral,Calm,Neutral,Calm,Neutral,Calm,Neutral,Neutral
N026,Neutral,Calm,Neutral,Calm,Neutral,Calm,Neutral,Calm,Neutral,Neutral
N027,Neutral,Neutral,Neutral,Calm,Positive,Calm,Neutral,Calm,Positive,Calm
N028,Neutral,Calm,Neutral,Calm,Neutral,Calm,Neutral,Calm,Neutral,Calm
N030,Neutral,Neutral,Neutral,Calm,Neutral,Calm,Neutral,Calm,Neutral,Calm
N031,Neutral,Calm,Neutral,Calm,Neutral,Calm,Neutral,Calm,Neutral,Calm
N032,Neutral,Calm,Neutral,Calm,Neutral,Calm,Neutral,Calm,Neutral,Neutral
N033,Neutral,Neutral,Neutral,Calm,Neutral,Calm,Neutral,Calm,Neutral,Calm
N034,Neutral,Calm,Neutral,Calm,Neutral,Calm,Neutral,Calm,Neutral,Calm
N035,Neutral,Calm,Neutral,Calm,Neutral,Calm,Neutral,Calm,Neutral,Calm
N036,Neutral,Calm,Neutral,Calm,Neutral,Calm,Neutral,Calm,Neutral,Calm
N037,Neutral,Calm,Neutral,Calm,Positive,Calm,Neutral,Calm,Positive,Calm
N038,Neutral,Neutral,Neutral,Calm,Positive,Calm,Neutral,Calm,Neutral,Calm
N039,Neutral,Calm,Neutral,Calm,Neutral,Calm,Neutral,Calm,Neutral,Neutral
N040,Neutral,Neutral,Neutral,Calm,Neutral,Calm,Neutral,Calm,Neutral,Calm
N041,Neutral,Neutral,Neutral,Calm,Neutral,Calm,Neutral,Calm,Neutral,Calm
N042,Neutral,Calm,Neutral,Calm,Neutral,Calm,Neutral,Calm,Neutral,Calm
N043,Neutral,Neutral,Neutral,Calm,Neutral,Calm,Neutral,Calm,Neutral,Calm
N044,Neutral,Neutral,Neutral,Calm,Neutral,Neutral,Neutral,Calm,Neutral,Neutral
N045,Neutral,Calm,Neutral,Calm,Neutral,Calm,Neutral,Calm,Neutral,Calm
N046,Neutral,Neutral,Neutral,Calm,Neutral,Calm,Neutral,Calm,Neutral,Calm
N047,Neutral,Neutral,Neutral,Calm,Neutral,Calm,Neutral,Calm,Neutral,Calm
N061,Neutral,Calm,Neutral,Calm,Positive,Calm,Neutral,Calm,Neutral,Calm
N062,Neutral,Neutral,Neutral,Calm,Positive,Neutral,Neutral,Calm,Neutral,Neutral
N064,Neutral,Neutral,Neutral,Calm,Neutral,Calm,Neutral,Calm,Neutral,Calm
N065,Neutral,Calm,Neutral,Calm,Neutral,Calm,Neutral,Calm,Neutral,Neutral
N066,Neutral,Neutral,Neutral,Calm,Neutral,Calm,Neutral,Calm,Neutral,Neutral
N067,Neutral,Neutral,Neutral,Calm,Neutral,Calm,Neutral,Calm,Neutral,Calm
N068,Neutral,Calm,Neutral,Calm,Neutral,Calm,Neutral,Calm,Neutral,Calm
N069,Neutral,Neutral,Neutral,Calm,Neutral,Calm,Neutral,Calm,Neutral,Neutral
N070,Neutral,Calm,Neutral,Calm,Positive,Calm,Neutral,Calm,Neutral,Calm
N071,Neutral,Neutral,Neutral,Calm,Neutral,Calm,Neutral,Calm,Neutral,Neutral
N072,Neutral,Calm,Neutral,Calm,Neutral,Calm,Neutral,Calm,Neutral,Calm
N073,Neutral,Neutral,Neutral,Calm,Neutral,Calm,Neutral,Calm,Neutral,Calm
N075,Neutral,Neutral,Negative,Calm,Neutral,Calm,Neutral,Calm,Neutral,Neutral
N076,Neutral,Calm,Neutral,Calm,Neutral,Calm,Neutral,Calm,Neutral,Calm
N077,Neutral,Neutral,Neutral,Calm,Neutral,Calm,Neutral,Calm,Neutral,Calm
N078,Neutral,Neutral,Neutral,Calm,Positive,Calm,Neutral,Calm,Positive,Calm
N079,Neutral,Calm,Neutral,Calm,Neutral,Calm,Neutral,Calm,Neutral,Calm
N080,Neutral,Calm,Neutral,Calm,Neutral,Calm,Neutral,Calm,Neutral,Calm
N081,Neutral,Neutral,Neutral,Calm,Neutral,Calm,Neutral,Calm,Neutral,Calm
N082,Neutral,Neutral,Neutral,Calm,Neutral,Calm,Neutral,Calm,Neutral,Neutral
N083,Neutral,Neutral,Neutral,Calm,Neutral,Calm,Neutral,Calm,Neutral,Calm
N085,Neutral,Neutral,Neutral,Calm,Neutral,Calm,Neutral,Calm,Neutral,Neutral
N086,Neutral,Neutral,Neutral,Calm,Neutral,Calm,Neutral,Calm,Neutral,Neutral
N087,Neutral,Neutral,Neutral,Calm,Neutral,Calm,Neutral,Neutral,Neutral,Neutral
N088,Neutral,Neutral,Neutral,Calm,Positive,Calm,Neutral,Calm,Positive,Calm
N089,Neutral,Calm,Neutral,Calm,Neutral,Calm,Neutral,Calm,Neutral,Calm
N090,Neutral,Neutral,Positive,Calm,Positive,Neutral,Neutral,Calm,Positive,Neutral
N091,Neutral,Calm,Neutral,Calm,Neutral,Calm,Neutral,Calm,Neutral,Calm
N092,Neutral,Calm,Neutral,Calm,Neutral,Calm,Neutral,Calm,Neutral,Neutral
N093,Neutral,Neutral,Neutral,Calm,Positive,Calm,Neutral,Calm,Positive,Calm
N094,Neutral,Neutral,Neutral,Calm,Neutral,Calm,Neutral,Calm,Neutral,Calm
N095,Neutral,Calm,Neutral,Calm,Neutral,Calm,Neutral,Calm,Neutral,Calm
N096,Neutral,Neutral,Neutral,Calm,Neutral,Calm,Neutral,Calm,Neutral,Calm
N097,Neutral,Calm,Positive,Calm,Positive,Calm,Neutral,Calm,Positive,Calm
N098,Neutral,Calm,Neutral,Calm,Neutral,Calm,Neutral,Calm,Neutral,Calm
N099,Neutral,Neutral,Neutral,Calm,Neutral,Calm,Neutral,Calm,Neutral,Neutral
N100,Neutral,Neutral,Neutral,Calm,Neutral,Calm,Neutral,Calm,Neutral,Calm
N101,Neutral,Calm,Neutral,Calm,Neutral,Calm,Neutral,Calm,Neutral,Calm
N102,Neutral,Neutral,Neutral,Calm,Neutral,Calm,Neutral,Calm,Neutral,Neutral
N104,Neutral,Neutral,Neutral,Calm,Neutral,Calm,Neutral,Calm,Neutral,Neutral
N105,Neutral,Neutral,Neutral,Calm,Neutral,Calm,Neutral,Calm,Neutral,Calm
N106,Neutral,Neutral,Neutral,Calm,Neutral,Calm,Neutral,Calm,Neutral,Calm
N107,Neutral,Neutral,Neutral,Calm,Neutral,Calm,Neutral,Calm,Neutral,Calm
N108,Neutral,Calm,Neutral,Calm,Positive,Calm,Neutral,Calm,Positive,Calm
N109,Neutral,Calm,Neutral,Calm,Negative,Calm,Neutral,Calm,Negative,Neutral
N111,Neutral,Calm,Neutral,Calm,Neutral,Calm,Neutral,Calm,Neutral,Calm
P001,Positive,Calm,Positive,Calm,Positive,Calm,Positive,Calm,Positive,Neutral
P003,Positive,Neutral,Positive,Calm,Positive,Stimulated,Positive,Calm,Positive,Neutral
P004,Positive,Calm,Positive,Calm,Positive,Calm,Positive,Calm,Positive,Calm
P005,Positive,Neutral,Positive,Calm,Positive,Calm,Positive,Calm,Positive,Neutral
P006,Positive,Calm,Positive,Calm,Positive,Calm,Positive,Calm,Positive,Calm
P007,Positive,Calm,Positive,Calm,Positive,Calm,Positive,Calm,Positive,Calm
P008,Positive,Calm,Positive,Calm,Positive,Stimulated,Positive,Calm,Positive,Neutral
P009,Positive,Calm,Positive,Calm,Positive,Calm,Positive,Calm,Positive,Calm
P010,Positive,Neutral,Positive,Calm,Positive,Calm,Positive,Calm,Positive,Neutral
P011,Positive,Neutral,Positive,Stimulated,Positive,Stimulated,Positive,Neutral,Positive,Neutral
P012,Positive,Neutral,Positive,Calm,Positive,Calm,Positive,Calm,Positive,Calm
P013,Positive,Calm,Positive,Calm,Positive,Calm,Positive,Calm,Positive,Neutral
P014,Positive,Calm,Positive,Calm,Positive,Neutral,Positive,Calm,Positive,Neutral
P015,Positive,Calm,Positive,Calm,Positive,Calm,Positive,Calm,Positive,Calm
P016,Positive,Calm,Positive,Calm,Positive,Calm,Neutral,Calm,Positive,Neutral
P017,Positive,Neutral,Positive,Calm,Positive,Calm,Positive,Calm,Positive,Calm
P018,Positive,Neutral,Positive,Calm,Positive,Calm,Positive,Calm,Positive,Calm
P020,Positive,Calm,Positive,Calm,Positive,Calm,Positive,Calm,Positive,Calm
P021,Positive,Calm,Positive,Calm,Positive,Calm,Positive,Calm,Positive,Calm
P022,Positive,Neutral,Positive,Calm,Positive,Stimulated,Positive,Calm,Positive,Neutral
P023,Positive,Neutral,Positive,Calm,Positive,Calm,Positive,Calm,Positive,Neutral
P024,Positive,Calm,Positive,Calm,Positive,Calm,Positive,Calm,Positive,Calm
P025,Positive,Calm,Positive,Calm,Positive,Calm,Positive,Calm,Positive,Calm
P026,Positive,Calm,Positive,Calm,Positive,Calm,Positive,Calm,Positive,Neutral
P027,Positive,Neutral,Positive,Calm,Positive,Calm,Positive,Calm,Positive,Neutral
P028,Positive,Calm,Positive,Calm,Positive,Calm,Positive,Calm,Positive,Neutral
P029,Positive,Neutral,Positive,Calm,Positive,Neutral,Positive,Calm,Positive,Neutral
P030,Positive,Calm,Positive,Calm,Positive,Calm,Positive,Calm,Positive,Calm
P031,Positive,Neutral,Positive,Calm,Positive,Calm,Positive,Calm,Positive,Neutral
P033,Positive,Calm,Positive,Calm,Positive,Calm,Positive,Calm,Positive,Neutral
P034,Positive,Neutral,Positive,Calm,Positive,Calm,Positive,Calm,Positive,Calm
P035,Positive,Calm,Positive,Calm,Positive,Calm,Positive,Neutral,Positive,Neutral
P036,Positive,Calm,Positive,Calm,Positive,Calm,Positive,Calm,Positive,Calm
P037,Positive,Neutral,Positive,Calm,Positive,Calm,Positive,Calm,Positive,Neutral
P038,Positive,Calm,Positive,Calm,Positive,Calm,Positive,Calm,Positive,Calm
P039,Positive,Calm,Positive,Calm,Positive,Calm,Positive,Calm,Positive,Calm
P040,Positive,Neutral,Neutral,Calm,Positive,Calm,Neutral,Calm,Positive,Neutral
P041,Positive,Calm,Positive,Calm,Positive,Calm,Positive,Calm,Positive,Neutral
P042,Positive,Calm,Positive,Calm,Positive,Calm,Positive,Calm,Positive,Calm
P043,Positive,Neutral,Positive,Calm,Positive,Calm,Positive,Calm,Positive,Calm
P044,Positive,Calm,Positive,Calm,Positive,Calm,Positive,Calm,Positive,Calm
P045,Positive,Calm,Positive,Calm,Positive,Calm,Positive,Calm,Positive,Stimulated
P046,Positive,Calm,Positive,Calm,Neutral,Calm,Positive,Calm,Neutral,Calm
P047,Positive,Calm,Positive,Calm,Positive,Calm,Positive,Calm,Positive,Calm
P048,Positive,Calm,Positive,Calm,Positive,Calm,Positive,Calm,Positive,Calm
P049,Positive,Calm,Positive,Calm,Positive,Calm,Positive,Calm,Positive,Calm
P050,Positive,Stimulated,Positive,Calm,Positive,Calm,Positive,Calm,Positive,Calm
P052,Positive,Calm,Positive,Calm,Positive,Calm,Neutral,Calm,Positive,Calm
P053,Positive,Neutral,Positive,Calm,Positive,Calm,Positive,Calm,Positive,Calm
P054,Positive,Calm,Positive,Calm,Positive,Calm,Positive,Calm,Positive,Calm
P055,Positive,Calm,Positive,Calm,Positive,Calm,Positive,Calm,Positive,Neutral
P056,Positive,Calm,Positive,Calm,Positive,Calm,Positive,Calm,Positive,Calm
P057,Positive,Calm,Positive,Calm,Positive,Calm,Positive,Calm,Positive,Calm
P058,Positive,Neutral,Positive,Calm,Positive,Calm,Positive,Calm,Positive,Neutral
P060,Positive,Calm,Positive,Calm,Positive,Calm,Positive,Calm,Positive,Calm
P061,Positive,Calm,Positive,Calm,Positive,Calm,Positive,Calm,Positive,Calm
P062,Positive,Calm,Positive,Calm,Positive,Neutral,Positive,Calm,Positive,Calm
P063,Positive,Calm,Positive,Calm,Positive,Calm,Positive,Calm,Positive,Calm
P064,Positive,Calm,Positive,Calm,Positive,Calm,Positive,Calm,Positive,Calm
P065,Positive,Neutral,Positive,Calm,Positive,Calm,Positive,Calm,Positive,Calm
P066,Positive,Calm,Positive,Calm,Positive,Calm,Positive,Calm,Positive,Calm
P067,Positive,Calm,Positive,Calm,Positive,Calm,Positive,Calm,Positive,Calm
P069,Positive,Calm,Positive,Calm,Positive,Calm,Positive,Calm,Positive,Calm
P070,Positive,Neutral,Positive,Calm,Positive,Stimulated,Positive,Calm,Positive,Stimulated
P071,Positive,Calm,Positive,Calm,Positive,Calm,Positive,Calm,Positive,Calm
P072,Positive,Calm,Positive,Calm,Positive,Calm,Positive,Calm,Positive,Calm
P073,Positive,Neutral,Positive,Calm,Positive,Calm,Positive,Calm,Positive,Calm
P074,Positive,Neutral,Positive,Calm,Positive,Calm,Positive,Calm,Positive,Calm
P075,Positive,Neutral,Positive,Calm,Positive,Calm,Positive,Calm,Positive,Calm
P076,Positive,Calm,Positive,Calm,Positive,Calm,Positive,Calm,Positive,Neutral
P077,Positive,Neutral,Positive,Calm,Positive,Calm,Positive,Calm,Positive,Calm
P078,Positive,Neutral,Positive,Calm,Positive,Calm,Positive,Calm,Positive,Calm
P079,Positive,Calm,Positive,Calm,Positive,Calm,Positive,Calm,Positive,Calm
P080,Positive,Calm,Positive,Calm,Positive,Neutral,Positive,Calm,Positive,Neutral
P081,Positive,Neutral,Positive,Calm,Positive,Calm,Positive,Calm,Positive,Calm
P082,Positive,Calm,Positive,Calm,Positive,Calm,Positive,Calm,Positive,Calm
P083,Positive,Neutral,Positive,Calm,Positive,Calm,Positive,Calm,Positive,Calm
P084,Positive,Calm,Positive,Calm,Positive,Calm,Positive,Calm,Positive,Calm
P085,Positive,Calm,Positive,Calm,Neutral,Calm,Positive,Calm,Positive,Calm
P086,Positive,Calm,Positive,Calm,Positive,Calm,Positive,Calm,Positive,Calm
P087,Positive,Neutral,Positive,Calm,Positive,Calm,Positive,Calm,Positive,Calm
P088,Positive,Neutral,Positive,Calm,Positive,Stimulated,Positive,Calm,Positive,Neutral
P089,Positive,Calm,Positive,Calm,Positive,Calm,Positive,Calm,Positive,Calm
P090,Positive,Calm,Positive,Calm,Positive,Calm,Positive,Neutral,Positive,Calm
P091,Positive,Calm,Positive,Calm,Positive,Calm,Positive,Calm,Positive,Calm
P092,Positive,Calm,Positive,Calm,Positive,Calm,Positive,Calm,Positive,Neutral
P093,Positive,Calm,Positive,Calm,Positive,Calm,Positive,Calm,Positive,Calm
P094,Positive,Neutral,Positive,Calm,Positive,Calm,Neutral,Calm,Positive,Calm
P095,Positive,Calm,Positive,Calm,Positive,Calm,Positive,Calm,Positive,Neutral
P096,Positive,Neutral,Positive,Calm,Positive,Calm,Positive,Calm,Positive,Calm
P097,Positive,Stimulated,Positive,Stimulated,Positive,Stimulated,Positive,Stimulated,Positive,Stimulated
P098,Positive,Calm,Positive,Calm,Neutral,Calm,Neutral,Calm,Neutral,Calm
P099,Positive,Calm,Positive,Calm,Positive,Calm,Positive,Calm,Positive,Calm
P100,Positive,Neutral,Neutral,Calm,Neutral,Calm,Neutral,Calm,Neutral,Calm
P101,Positive,Calm,Positive,Calm,Positive,Calm,Positive,Calm,Positive,Calm
P102,Positive,Neutral,Positive,Calm,Positive,Neutral,Positive,Calm,Positive,Calm
P103,Positive,Neutral,Positive,Calm,Positive,Calm,Positive,Calm,Positive,Calm
P104,Positive,Calm,Positive,Calm,Positive,Neutral,Positive,Calm,Positive,Calm
P105,Positive,Stimulated,Positive,Stimulated,Positive,Stimulated,Positive,Stimulated,Positive,Stimulated
P106,Positive,Neutral,Positive,Calm,Positive,Calm,Positive,Calm,Positive,Calm
P107,Positive,Neutral,Positive,Calm,Positive,Calm,Positive,Calm,Positive,Calm
P108,Positive,Calm,Positive,Calm,Positive,Calm,Positive,Calm,Positive,Calm
P109,Positive,Neutral,Positive,Calm,Positive,Calm,Positive,Calm,Positive,Calm
P110,Positive,Neutral,Positive,Calm,Positive,Calm,Positive,Calm,Positive,Neutral
P111,Positive,Neutral,Positive,Calm,Positive,Calm,Positive,Calm,Positive,Neutral
P112,Positive,Calm,Neutral,Calm,Neutral,Calm,Neutral,Calm,Neutral,Calm
P113,Positive,Neutral,Positive,Calm,Positive,Calm,Positive,Calm,Positive,Calm
P114,Positive,Neutral,Positive,Calm,Positive,Calm,Positive,Calm,Positive,Calm
P116,Positive,Calm,Positive,Calm,Positive,Calm,Positive,Calm,Positive,Calm
P117,Positive,Calm,Positive,Calm,Positive,Calm,Positive,Calm,Positive,Calm
P118,Positive,Calm,Positive,Calm,Positive,Calm,Positive,Calm,Positive,Calm
P119,Positive,Calm,Positive,Calm,Positive,Calm,Positive,Calm,Positive,Calm
P121,Positive,Calm,Positive,Calm,Positive,Calm,Positive,Calm,Positive,Calm
P122,Positive,Calm,Positive,Calm,Positive,Calm,Positive,Calm,Positive,Calm
P123,Positive,Calm,Positive,Calm,Positive,Calm,Positive,Calm,Positive,Calm
P124,Positive,Stimulated,Positive,Stimulated,Neutral,Stimulated,Positive,Stimulated,Positive,Stimulated
P125,Positive,Calm,Positive,Calm,Positive,Calm,Positive,Calm,Positive,Neutral
P127,Positive,Calm,Positive,Calm,Positive,Calm,Positive,Calm,Positive,Calm
P128,Positive,Calm,Positive,Calm,Positive,Calm,Positive,Calm,Positive,Calm
P129,Positive,Neutral,Positive,Stimulated,Positive,Neutral,Positive,Calm,Positive,Neutral
P130,Positive,Calm,Positive,Calm,Positive,Neutral,Positive,Calm,Positive,Neutral
Sn001,Neutral,Stimulated,Negative,Stimulated,Neutral,Calm,Negative,Stimulated,Neutral,Calm
Sn002,Negative,Stimulated,Negative,Stimulated,Neutral,Stimulated,Neutral,Stimulated,Negative,Stimulated
Sn003,Negative,Stimulated,Neutral,Calm,Neutral,Stimulated,Neutral,Calm,Neutral,Neutral
Sn004,Negative,Stimulated,Negative,Stimulated,Negative,Stimulated,Negative,Stimulated,Negative,Stimulated
Sn005,Neutral,Stimulated,Negative,Stimulated,Negative,Stimulated,Negative,Stimulated,Neutral,Neutral
Sn006,Neutral,Stimulated,Neutral,Calm,Neutral,Stimulated,Neutral,Stimulated,Neutral,Neutral
Sn007,Neutral,Stimulated,Neutral,Stimulated,Neutral,Stimulated,Neutral,Calm,Neutral,Neutral
Sn008,Neutral,Neutral,Negative,Stimulated,Neutral,Stimulated,Negative,Stimulated,Neutral,Stimulated
Sn009,Neutral,Stimulated,Negative,Stimulated,Negative,Stimulated,Negative,Stimulated,Negative,Stimulated
Sn010,Neutral,Stimulated,Negative,Stimulated,Neutral,Stimulated,Neutral,Stimulated,Neutral,Stimulated
Sn011,Negative,Stimulated,Neutral,Stimulated,Negative,Stimulated,Neutral,Stimulated,Negative,Stimulated
Sn012,Negative,Stimulated,Negative,Stimulated,Neutral,Stimulated,Neutral,Neutral,Neutral,Stimulated
Sn013,Negative,Stimulated,Negative,Stimulated,Neutral,Calm,Negative,Stimulated,Neutral,Stimulated
Sn014,Neutral,Stimulated,Neutral,Stimulated,Neutral,Calm,Neutral,Neutral,Neutral,Neutral
Sn015,Neutral,Neutral,Neutral,Calm,Neutral,Calm,Neutral,Calm,Neutral,Neutral
Sn016,Negative,Stimulated,Neutral,Stimulated,Neutral,Stimulated,Neutral,Stimulated,Neutral,Stimulated
Sn017,Negative,Stimulated,Neutral,Calm,Neutral,Calm,Neutral,Calm,Neutral,Calm
Sn018,Neutral,Stimulated,Negative,Stimulated,Negative,Stimulated,Neutral,Calm,Negative,Stimulated
Sn019,Negative,Stimulated,Neutral,Stimulated,Neutral,Stimulated,Neutral,Neutral,Neutral,Stimulated
Sn020,Neutral,Neutral,Negative,Stimulated,Neutral,Calm,Neutral,Stimulated,Neutral,Neutral
Sn021,Neutral,Neutral,Neutral,Calm,Neutral,Calm,Neutral,Neutral,Neutral,Stimulated
Sn022,Neutral,Stimulated,Neutral,Calm,Neutral,Calm,Neutral,Calm,Neutral,Neutral
Sn023,Negative,Stimulated,Negative,Stimulated,Neutral,Calm,Neutral,Stimulated,Neutral,Neutral
Sn024,Neutral,Stimulated,Negative,Stimulated,Neutral,Stimulated,Negative,Stimulated,Neutral,Stimulated
Sn025,Negative,Stimulated,Negative,Stimulated,Negative,Stimulated,Negative,Stimulated,Neutral,Stimulated
Sn026,Negative,Stimulated,Neutral,Calm,Neutral,Calm,Neutral,Neutral,Neutral,Neutral
Sn027,Negative,Stimulated,Negative,Stimulated,Neutral,Neutral,Neutral,Stimulated,Neutral,Stimulated
Sn028,Neutral,Stimulated,Neutral,Stimulated,Neutral,Calm,Neutral,Neutral,Neutral,Neutral
Sn029,Negative,Stimulated,Neutral,Stimulated,Neutral,Stimulated,Neutral,Calm,Neutral,Neutral
Sn030,Neutral,Stimulated,Neutral,Calm,Neutral,Calm,Neutral,Neutral,Neutral,Calm
Sn031,Neutral,Neutral,Neutral,Stimulated,Neutral,Calm,Neutral,Neutral,Neutral,Neutral
Sn032,Neutral,Stimulated,Neutral,Stimulated,Neutral,Calm,Neutral,Stimulated,Negative,Stimulated
Sn033,Negative,Stimulated,Negative,Stimulated,Neutral,Calm,Neutral,Neutral,Neutral,Neutral
Sn034,Negative,Stimulated,Negative,Stimulated,Negative,Stimulated,Neutral,Stimulated,Negative,Stimulated
Sn035,Neutral,Stimulated,Negative,Stimulated,Negative,Stimulated,Neutral,Neutral,Neutral,Stimulated
Sn036,Neutral,Neutral,Negative,Stimulated,Negative,Stimulated,Negative,Stimulated,Negative,Stimulated
Sn037,Neutral,Neutral,Neutral,Stimulated,Negative,Stimulated,Neutral,Stimulated,Negative,Neutral
Sn038,Neutral,Neutral,Negative,Stimulated,Negative,Stimulated,Neutral,Stimulated,Neutral,Stimulated
Sn039,Neutral,Neutral,Neutral,Calm,Neutral,Calm,Neutral,Neutral,Neutral,Stimulated
Sn040,Neutral,Neutral,Neutral,Stimulated,Neutral,Calm,Neutral,Neutral,Neutral,Neutral
Sn041,Neutral,Neutral,Neutral,Stimulated,Neutral,Stimulated,Neutral,Calm,Neutral,Stimulated
Sn042,Negative,Stimulated,Negative,Stimulated,Negative,Stimulated,Neutral,Stimulated,Negative,Stimulated
Sn043,Neutral,Stimulated,Negative,Stimulated,Neutral,Stimulated,Negative,Stimulated,Neutral,Neutral
Sn044,Negative,Stimulated,Neutral,Stimulated,Negative,Stimulated,Neutral,Calm,Negative,Stimulated
Sn045,Neutral,Stimulated,Negative,Stimulated,Negative,Stimulated,Neutral,Neutral,Neutral,Stimulated
Sn046,Negative,Stimulated,Neutral,Stimulated,Neutral,Calm,Neutral,Neutral,Neutral,Neutral
Sn047,Neutral,Stimulated,Negative,Stimulated,Negative,Stimulated,Negative,Stimulated,Negative,Stimulated
Sn048,Negative,Stimulated,Negative,Stimulated,Negative,Stimulated,Negative,Stimulated,Neutral,Stimulated
Sn049,Negative,Stimulated,Neutral,Calm,Neutral,Calm,Neutral,Neutral,Neutral,Neutral
Sn050,Negative,Stimulated,Negative,Stimulated,Negative,Stimulated,Neutral,Neutral,Negative,Stimulated
Sn051,Neutral,Neutral,Neutral,Calm,Neutral,Calm,Neutral,Calm,Neutral,Neutral
Sn052,Negative,Stimulated,Neutral,Stimulated,Negative,Stimulated,Neutral,Stimulated,Neutral,Stimulated
Sn053,Neutral,Neutral,Neutral,Calm,Neutral,Calm,Neutral,Neutral,Negative,Stimulated
Sn054,Neutral,Stimulated,Neutral,Calm,Negative,Stimulated,Neutral,Calm,Negative,Stimulated
Sn055,Negative,Stimulated,Negative,Stimulated,Neutral,Calm,Negative,Stimulated,Neutral,Neutral
Sn056,Neutral,Neutral,Neutral,Calm,Neutral,Calm,Neutral,Calm,Neutral,Calm
Sn057,Neutral,Stimulated,Neutral,Stimulated,Positive,Calm,Neutral,Calm,Positive,Neutral
Sn058,Negative,Stimulated,Negative,Stimulated,Negative,Stimulated,Negative,Stimulated,Negative,Stimulated
Sn059,Negative,Stimulated,Negative,Stimulated,Negative,Stimulated,Negative,Stimulated,Negative,Stimulated
Sn060,Neutral,Stimulated,Neutral,Stimulated,Neutral,Stimulated,Neutral,Stimulated,Negative,Stimulated
Sn061,Neutral,Neutral,Neutral,Calm,Neutral,Calm,Neutral,Calm,Neutral,Calm
Sn062,Neutral,Stimulated,Neutral,Calm,Neutral,Calm,Neutral,Neutral,Neutral,Neutral
Sn063,Negative,Stimulated,Neutral,Calm,Positive,Calm,Neutral,Calm,Neutral,Calm
Sn064,Negative,Stimulated,Neutral,Calm,Neutral,Calm,Neutral,Calm,Neutral,Neutral
Sn065,Neutral,Stimulated,Neutral,Stimulated,Neutral,Stimulated,Neutral,Calm,Neutral,Neutral
Sn066,Neutral,Neutral,Neutral,Calm,Neutral,Calm,Neutral,Calm,Negative,Stimulated
Sn067,Neutral,Stimulated,Neutral,Calm,Negative,Stimulated,Neutral,Neutral,Negative,Stimulated
Sn068,Neutral,Stimulated,Neutral,Calm,Neutral,Stimulated,Neutral,Calm,Neutral,Neutral
Sn069,Neutral,Stimulated,Negative,Stimulated,Neutral,Calm,Neutral,Stimulated,Neutral,Stimulated
Sn070,Neutral,Stimulated,Negative,Stimulated,Neutral,Neutral,Neutral,Neutral,Neutral,Stimulated
Sn071,Negative,Stimulated,Negative,Stimulated,Neutral,Calm,Neutral,Stimulated,Neutral,Stimulated
Sn072,Negative,Stimulated,Neutral,Calm,Neutral,Calm,Neutral,Neutral,Neutral,Neutral
Sn073,Neutral,Neutral,Neutral,Stimulated,Neutral,Stimulated,Neutral,Stimulated,Neutral,Neutral
Sn074,Neutral,Neutral,Neutral,Stimulated,Neutral,Stimulated,Neutral,Neutral,Neutral,Stimulated
Sn075,Negative,Stimulated,Neutral,Calm,Neutral,Calm,Neutral,Calm,Neutral,Neutral
Sn076,Neutral,Stimulated,Neutral,Calm,Neutral,Neutral,Neutral,Neutral,Negative,Stimulated
Sn077,Negative,Stimulated,Neutral,Calm,Neutral,Calm,Neutral,Calm,Neutral,Neutral
Sn078,Neutral,Stimulated,Neutral,Calm,Neutral,Calm,Neutral,Calm,Neutral,Stimulated
Sn079,Negative,Stimulated,Neutral,Stimulated,Positive,Neutral,Neutral,Neutral,Positive,Neutral
Sn080,Neutral,Neutral,Neutral,Stimulated,Neutral,Calm,Neutral,Calm,Neutral,Neutral
Sn081,Negative,Stimulated,Neutral,Stimulated,Neutral,Calm,Neutral,Stimulated,Neutral,Neutral
Sn082,Neutral,Neutral,Negative,Stimulated,Neutral,Stimulated,Negative,Stimulated,Negative,Stimulated
Sn083,Neutral,Neutral,Neutral,Calm,Negative,Stimulated,Neutral,Neutral,Neutral,Stimulated
Sn084,Neutral,Stimulated,Neutral,Calm,Neutral,Calm,Neutral,Calm,Neutral,Neutral
Sn085,Negative,Stimulated,Negative,Stimulated,Neutral,Neutral,Neutral,Neutral,Neutral,Neutral
Sn086,Neutral,Neutral,Negative,Stimulated,Neutral,Calm,Neutral,Neutral,Neutral,Stimulated
Sn087,Negative,Stimulated,Negative,Stimulated,Neutral,Stimulated,Negative,Stimulated,Neutral,Neutral
Sn088,Negative,Stimulated,Neutral,Calm,Neutral,Calm,Neutral,Calm,Neutral,Neutral
Sn089,Neutral,Neutral,Neutral,Calm,Neutral,Calm,Neutral,Neutral,Neutral,Neutral
Sn090,Neutral,Neutral,Neutral,Stimulated,Neutral,Stimulated,Neutral,Stimulated,Negative,Stimulated
Sn091,Negative,Stimulated,Neutral,Calm,Neutral,Calm,Neutral,Calm,Neutral,Neutral
Sn092,Neutral,Stimulated,Neutral,Calm,Neutral,Calm,Neutral,Calm,Neutral,Neutral
Sn093,Negative,Stimulated,Neutral,Calm,Neutral,Calm,Neutral,Neutral,Neutral,Neutral
Sn094,Negative,Stimulated,Negative,Stimulated,Neutral,Neutral,Neutral,Stimulated,Neutral,Neutral
Sn095,Neutral,Neutral,Negative,Stimulated,Neutral,Stimulated,Neutral,Stimulated,Neutral,Stimulated
Sn096,Neutral,Stimulated,Neutral,Calm,Neutral,Calm,Neutral,Neutral,Neutral,Neutral
Sn097,Negative,Stimulated,Negative,Stimulated,Negative,Stimulated,Negative,Stimulated,Neutral,Neutral
Sn098,Negative,Stimulated,Neutral,Calm,Neutral,Calm,Neutral,Stimulated,Neutral,Neutral
Sn099,Neutral,Neutral,Neutral,Calm,Neutral,Calm,Neutral,Calm,Neutral,Neutral
Sn100,Negative,Stimulated,Neutral,Calm,Neutral,Neutral,Neutral,Calm,Neutral,Neutral
Sn101,Neutral,Stimulated,Negative,Stimulated,Neutral,Stimulated,Negative,Stimulated,Neutral,Stimulated
Sn102,Neutral,Stimulated,Neutral,Stimulated,Negative,Stimulated,Negative,Neutral,Neutral,Neutral
Sn103,Neutral,Stimulated,Negative,Stimulated,Neutral,Stimulated,Negative,Stimulated,Neutral,Stimulated
Sn104,Neutral,Stimulated,Neutral,Stimulated,Negative,Stimulated,Neutral,Calm,Negative,Stimulated
Sn105,Neutral,Neutral,Negative,Stimulated,Negative,Stimulated,Negative,Stimulated,Negative,Neutral
Sn106,Neutral,Neutral,Neutral,Calm,Neutral,Calm,Neutral,Calm,Neutral,Neutral
Sn107,Neutral,Stimulated,Negative,Stimulated,Neutral,Calm,Neutral,Neutral,Neutral,Neutral
Sn108,Negative,Stimulated,Negative,Stimulated,Neutral,Calm,Neutral,Stimulated,Neutral,Neutral
Sn109,Negative,Stimulated,Neutral,Calm,Neutral,Calm,Neutral,Calm,Neutral,Calm
Sn110,Negative,Stimulated,Negative,Stimulated,Negative,Stimulated,Neutral,Stimulated,Neutral,Stimulated
Sn111,Neutral,Stimulated,Neutral,Stimulated,Neutral,Stimulated,Neutral,Neutral,Neutral,Neutral
Sn112,Negative,Stimulated,Negative,Stimulated,Neutral,Calm,Negative,Stimulated,Neutral,Neutral
Sn113,Neutral,Neutral,Neutral,Stimulated,Neutral,Calm,Neutral,Neutral,Negative,Stimulated
Sn114,Neutral,Stimulated,Negative,Stimulated,Negative,Stimulated,Neutral,Stimulated,Neutral,Neutral
Sn115,Neutral,Neutral,Neutral,Calm,Neutral,Stimulated,Neutral,Calm,Neutral,Neutral
Sn116,Negative,Stimulated,Negative,Stimulated,Neutral,Stimulated,Negative,Stimulated,Negative,Stimulated
Sn117,Neutral,Stimulated,Neutral,Calm,Neutral,Calm,Neutral,Neutral,Neutral,Neutral
Sn118,Negative,Stimulated,Negative,Stimulated,Negative,Stimulated,Negative,Stimulated,Negative,Stimulated
Sn119,Neutral,Neutral,Neutral,Stimulated,Neutral,Stimulated,Negative,Stimulated,Neutral,Stimulated
Sn120,Neutral,Neutral,Negative,Stimulated,Neutral,Stimulated,Neutral,Neutral,Neutral,Neutral
Sn121,Neutral,Neutral,Negative,Stimulated,Neutral,Calm,Neutral,Stimulated,Neutral,Neutral
Sn122,Neutral,Stimulated,Neutral,Calm,Neutral,Stimulated,Neutral,Calm,Neutral,Stimulated
Sn123,Neutral,Neutral,Negative,Stimulated,Neutral,Calm,Negative,Stimulated,Neutral,Neutral
Sn124,Negative,Stimulated,Neutral,Stimulated,Neutral,Neutral,Neutral,Neutral,Neutral,Neutral
Sn125,Negative,Stimulated,Neutral,Stimulated,Neutral,Calm,Neutral,Stimulated,Neutral,Calm
Sn126,Neutral,Stimulated,Negative,Stimulated,Negative,Stimulated,Neutral,Calm,Neutral,Stimulated
Sn127,Negative,Stimulated,Neutral,Calm,Neutral,Calm,Neutral,Neutral,Neutral,Neutral
Sn128,Neutral,Stimulated,Neutral,Stimulated,Neutral,Stimulated,Neutral,Stimulated,Neutral,Stimulated
Sn129,Negative,Stimulated,Negative,Stimulated,Neutral,Calm,Negative,Stimulated,Neutral,Neutral
Sn130,Negative,Stimulated,Neutral,Calm,Neutral,Calm,Neutral,Neutral,Neutral,Calm
Sn131,Negative,Stimulated,Neutral,Calm,Neutral,Calm,Neutral,Neutral,Neutral,Neutral
Sn132,Neutral,Stimulated,Neutral,Stimulated,Neutral,Calm,Neutral,Stimulated,Neutral,Calm
Sn133,Neutral,Stimulated,Neutral,Calm,Neutral,Calm,Neutral,Calm,Neutral,Stimulated
Sp001,Negative,Stimulated,Neutral,Stimulated,Neutral,Stimulated,Neutral,Neutral,Neutral,Stimulated
Sp002,Negative,Stimulated,Negative,Stimulated,Neutral,Neutral,Negative,Stimulated,Neutral,Stimulated
Sp003,Negative,Stimulated,Negative,Stimulated,Neutral,Calm,Negative,Stimulated,Neutral,Calm
Sp004,Negative,Stimulated,Negative,Stimulated,Neutral,Calm,Neutral,Stimulated,Neutral,Neutral
Sp005,Neutral,Neutral,Negative,Stimulated,Negative,Stimulated,Negative,Stimulated,Neutral,Calm
Sp006,Neutral,Stimulated,Negative,Stimulated,Negative,Stimulated,Negative,Stimulated,Negative,Stimulated
Sp007,Neutral,Neutral,Negative,Stimulated,Negative,Stimulated,Negative,Stimulated,Negative,Stimulated
Sp008,Negative,Stimulated,Negative,Stimulated,Negative,Stimulated,Negative,Stimulated,Negative,Neutral
Sp009,Negative,Stimulated,Negative,Stimulated,Negative,Stimulated,Neutral,Stimulated,Negative,Stimulated
Sp010,Negative,Stimulated,Negative,Stimulated,Negative,Stimulated,Neutral,Neutral,Negative,Neutral
Sp011,Negative,Stimulated,Negative,Stimulated,Neutral,Stimulated,Negative,Stimulated,Neutral,Stimulated
Sp012,Negative,Stimulated,Negative,Stimulated,Negative,Stimulated,Negative,Stimulated,Negative,Stimulated
Sp013,Negative,Stimulated,Negative,Stimulated,Neutral,Calm,Neutral,Stimulated,Neutral,Neutral
Sp014,Neutral,Stimulated,Negative,Stimulated,Neutral,Calm,Neutral,Calm,Neutral,Stimulated
Sp015,Negative,Stimulated,Neutral,Calm,Negative,Stimulated,Neutral,Calm,Neutral,Stimulated
Sp016,Negative,Neutral,Negative,Stimulated,Neutral,Calm,Neutral,Stimulated,Negative,Stimulated
Sp017,Neutral,Stimulated,Neutral,Calm,Negative,Stimulated,Neutral,Calm,Neutral,Neutral
Sp018,Negative,Stimulated,Negative,Stimulated,Negative,Neutral,Neutral,Calm,Neutral,Stimulated
Sp019,Negative,Stimulated,Negative,Stimulated,Neutral,Calm,Neutral,Stimulated,Neutral,Calm
Sp020,Negative,Stimulated,Negative,Stimulated,Neutral,Calm,Negative,Stimulated,Neutral,Stimulated
Sp021,Negative,Stimulated,Negative,Stimulated,Negative,Stimulated,Negative,Stimulated,Neutral,Neutral
Sp022,Negative,Stimulated,Neutral,Calm,Neutral,Calm,Neutral,Calm,Neutral,Calm
Sp023,Neutral,Neutral,Negative,Stimulated,Negative,Stimulated,Negative,Stimulated,Negative,Stimulated
Sp024,Neutral,Stimulated,Negative,Stimulated,Neutral,Calm,Negative,Stimulated,Neutral,Stimulated
Sp025,Negative,Stimulated,Negative,Stimulated,Neutral,Calm,Negative,Stimulated,Negative,Stimulated
Sp026,Negative,Stimulated,Negative,Stimulated,Neutral,Calm,Neutral,Neutral,Neutral,Neutral
Sp027,Neutral,Stimulated,Neutral,Stimulated,Negative,Stimulated,Neutral,Stimulated,Negative,Stimulated
Sp028,Negative,Stimulated,Negative,Stimulated,Negative,Stimulated,Negative,Stimulated,Negative,Neutral
Sp029,Negative,Stimulated,Negative,Stimulated,Neutral,Calm,Negative,Stimulated,Neutral,Neutral
Sp030,Negative,Stimulated,Neutral,Calm,Neutral,Calm,Neutral,Neutral,Neutral,Neutral
Sp031,Neutral,Neutral,Negative,Stimulated,Neutral,Calm,Neutral,Stimulated,Neutral,Neutral
Sp032,Neutral,Stimulated,Negative,Stimulated,Negative,Stimulated,Negative,Stimulated,Neutral,Stimulated
Sp033,Negative,Stimulated,Negative,Stimulated,Negative,Stimulated,Negative,Stimulated,Neutral,Neutral
Sp034,Negative,Stimulated,Negative,Stimulated,Neutral,Stimulated,Negative,Stimulated,Neutral,Stimulated
Sp035,Negative,Stimulated,Neutral,Stimulated,Neutral,Calm,Neutral,Neutral,Neutral,Neutral
Sp036,Neutral,Stimulated,Neutral,Calm,Neutral,Calm,Neutral,Calm,Negative,Stimulated
Sp037,Negative,Stimulated,Negative,Stimulated,Neutral,Calm,Negative,Stimulated,Negative,Neutral
Sp038,Neutral,Neutral,Negative,Stimulated,Neutral,Calm,Neutral,Neutral,Negative,Stimulated
Sp039,Neutral,Stimulated,Negative,Stimulated,Negative,Stimulated,Negative,Stimulated,Negative,Stimulated
Sp040,Neutral,Stimulated,Negative,Stimulated,Negative,Stimulated,Negative,Stimulated,Neutral,Neutral
Sp041,Negative,Stimulated,Negative,Stimulated,Neutral,Neutral,Negative,Stimulated,Neutral,Neutral
Sp042,Negative,Stimulated,Negative,Stimulated,Negative,Stimulated,Negative,Stimulated,Neutral,Neutral
Sp043,Neutral,Neutral,Negative,Stimulated,Neutral,Calm,Negative,Stimulated,Negative,Stimulated
Sp044,Negative,Stimulated,Neutral,Stimulated,Negative,Stimulated,Neutral,Stimulated,Negative,Stimulated
Sp045,Neutral,Stimulated,Positive,Calm,Positive,Stimulated,Positive,Neutral,Positive,Neutral
Sp046,Negative,Stimulated,Negative,Stimulated,Neutral,Stimulated,Neutral,Neutral,Neutral,Neutral
Sp047,Negative,Neutral,Neutral,Stimulated,Negative,Stimulated,Neutral,Neutral,Negative,Stimulated
Sp048,Negative,Stimulated,Neutral,Calm,Neutral,Calm,Neutral,Neutral,Neutral,Calm
Sp049,Neutral,Stimulated,Negative,Stimulated,Negative,Stimulated,Neutral,Stimulated,Negative,Neutral
Sp050,Neutral,Stimulated,Neutral,Calm,Neutral,Calm,Neutral,Neutral,Neutral,Stimulated
Sp051,Negative,Stimulated,Negative,Stimulated,Negative,Stimulated,Negative,Stimulated,Negative,Neutral
Sp052,Negative,Stimulated,Negative,Stimulated,Neutral,Stimulated,Neutral,Neutral,Neutral,Stimulated
Sp053,Negative,Stimulated,Neutral,Calm,Neutral,Stimulated,Neutral,Calm,Neutral,Stimulated
Sp054,Negative,Stimulated,Negative,Stimulated,Negative,Stimulated,Negative,Stimulated,Negative,Calm
Sp055,Negative,Stimulated,Negative,Stimulated,Neutral,Stimulated,Negative,Stimulated,Negative,Neutral
Sp056,Neutral,Stimulated,Neutral,Stimulated,Neutral,Calm,Neutral,Stimulated,Neutral,Neutral
Sp057,Negative,Stimulated,Negative,Stimulated,Negative,Stimulated,Negative,Stimulated,Neutral,Neutral
Sp058,Negative,Stimulated,Negative,Stimulated,Negative,Stimulated,Negative,Stimulated,Negative,Stimulated
Sp060,Negative,Stimulated,Negative,Stimulated,Negative,Stimulated,Negative,Stimulated,Neutral,Stimulated
Sp061,Negative,Stimulated,Negative,Stimulated,Negative,Stimulated,Negative,Stimulated,Negative,Stimulated
Sp062,Negative,Stimulated,Negative,Stimulated,Negative,Stimulated,Negative,Stimulated,Negative,Stimulated
Sp063,Negative,Stimulated,Neutral,Stimulated,Negative,Stimulated,Negative,Stimulated,Neutral,Stimulated
Sp064,Negative,Stimulated,Neutral,Stimulated,Neutral,Stimulated,Neutral,Stimulated,Negative,Neutral
Sp065,Negative,Stimulated,Negative,Stimulated,Negative,Stimulated,Negative,Stimulated,Negative,Stimulated
Sp066,Negative,Stimulated,Negative,Stimulated,Neutral,Calm,Neutral,Neutral,Neutral,Neutral
Sp067,Negative,Stimulated,Negative,Stimulated,Negative,Stimulated,Neutral,Neutral,Neutral,Stimulated
Sp068,Neutral,Neutral,Neutral,Calm,Neutral,Calm,Neutral,Neutral,Neutral,Calm
Sp069,Negative,Stimulated,Negative,Stimulated,Neutral,Calm,Negative,Stimulated,Neutral,Stimulated
Sp070,Neutral,Stimulated,Negative,Stimulated,Negative,Calm,Negative,Stimulated,Negative,Calm
Sp071,Negative,Stimulated,Negative,Stimulated,Neutral,Calm,Neutral,Neutral,Neutral,Calm
Sp072,Negative,Stimulated,Negative,Stimulated,Neutral,Calm,Negative,Stimulated,Neutral,Neutral
Sp073,Negative,Stimulated,Negative,Stimulated,Neutral,Calm,Neutral,Calm,Neutral,Neutral
Sp074,Negative,Stimulated,Negative,Stimulated,Neutral,Calm,Neutral,Neutral,Negative,Neutral
Sp075,Negative,Stimulated,Negative,Stimulated,Negative,Stimulated,Negative,Stimulated,Neutral,Stimulated
Sp076,Neutral,Stimulated,Negative,Stimulated,Neutral,Calm,Negative,Stimulated,Neutral,Neutral
Sp077,Negative,Stimulated,Negative,Stimulated,Negative,Stimulated,Negative,Stimulated,Negative,Stimulated
Sp078,Negative,Neutral,Negative,Stimulated,Neutral,Calm,Negative,Stimulated,Negative,Neutral
Sp079,Negative,Stimulated,Negative,Stimulated,Neutral,Calm,Negative,Neutral,Neutral,Calm
Sp080,Negative,Stimulated,Neutral,Stimulated,Neutral,Stimulated,Neutral,Stimulated,Neutral,Stimulated
Sp081,Negative,Stimulated,Negative,Stimulated,Negative,Stimulated,Negative,Stimulated,Negative,Stimulated
Sp082,Negative,Stimulated,Negative,Stimulated,Neutral,Calm,Negative,Stimulated,Negative,Stimulated
Sp083,Negative,Stimulated,Negative,Stimulated,Neutral,Calm,Negative,Stimulated,Negative,Stimulated
Sp084,Negative,Stimulated,Negative,Stimulated,Neutral,Calm,Negative,Stimulated,Negative,Neutral
Sp085,Negative,Stimulated,Neutral,Calm,Neutral,Calm,Neutral,Neutral,Neutral,Calm
Sp086,Negative,Stimulated,Neutral,Calm,Neutral,Neutral,Neutral,Neutral,Negative,Stimulated
Sp087,Negative,Stimulated,Neutral,Calm,Neutral,Calm,Neutral,Calm,Negative,Stimulated
Sp088,Neutral,Stimulated,Neutral,Calm,Neutral,Calm,Neutral,Neutral,Neutral,Stimulated
Sp089,Negative,Stimulated,Negative,Stimulated,Negative,Stimulated,Neutral,Stimulated,Negative,Stimulated
Sp090,Negative,Stimulated,Neutral,Calm,Neutral,Calm,Neutral,Neutral,Neutral,Stimulated
Sp091,Negative,Stimulated,Negative,Stimulated,Neutral,Calm,Neutral,Calm,Neutral,Neutral
Sp093,Neutral,Stimulated,Negative,Stimulated,Neutral,Calm,Negative,Stimulated,Neutral,Calm
Sp094,Neutral,Neutral,Neutral,Calm,Neutral,Calm,Neutral,Calm,Neutral,Calm
Sp095,Neutral,Neutral,Negative,Stimulated,Neutral,Calm,Negative,Stimulated,Negative,Neutral
Sp096,Negative,Stimulated,Negative,Stimulated,Negative,Stimulated,Negative,Stimulated,Negative,Neutral
Sp097,Negative,Stimulated,Negative,Stimulated,Negative,Stimulated,Negative,Stimulated,Neutral,Calm
Sp098,Negative,Neutral,Neutral,Calm,Negative,Stimulated,Neutral,Neutral,Negative,Neutral
Sp099,Negative,Stimulated,Negative,Stimulated,Negative,Stimulated,Negative,Stimulated,Negative,Neutral
Sp100,Neutral,Neutral,Negative,Stimulated,Negative,Stimulated,Neutral,Stimulated,Negative,Stimulated
Sp101,Negative,Stimulated,Neutral,Stimulated,Neutral,Stimulated,Neutral,Stimulated,Neutral,Neutral
Sp102,Neutral,Stimulated,Negative,Stimulated,Neutral,Calm,Negative,Stimulated,Neutral,Neutral
Sp103,Neutral,Stimulated,Negative,Stimulated,Neutral,Stimulated,Neutral,Stimulated,Neutral,Stimulated
Sp104,Neutral,Stimulated,Negative,Stimulated,Neutral,Stimulated,Negative,Stimulated,Neutral,Neutral
Sp105,Neutral,Neutral,Neutral,Calm,Neutral,Calm,Neutral,Calm,Neutral,Neutral
Sp106,Negative,Stimulated,Neutral,Calm,Neutral,Stimulated,Neutral,Stimulated,Neutral,Calm
Sp107,Neutral,Neutral,Negative,Stimulated,Negative,Stimulated,Negative,Stimulated,Negative,Stimulated
Sp108,Neutral,Stimulated,Negative,Stimulated,Negative,Stimulated,Negative,Neutral,Neutral,Neutral
Sp109,Neutral,Stimulated,Negative,Stimulated,Neutral,Stimulated,Negative,Stimulated,Negative,Stimulated
Sp110,Negative,Neutral,Neutral,Calm,Neutral,Calm,Neutral,Calm,Neutral,Neutral
Sp111,Negative,Neutral,Negative,Stimulated,Neutral,Neutral,Neutral,Stimulated,Neutral,Neutral
Sp112,Neutral,Neutral,Negative,Stimulated,Neutral,Calm,Negative,Stimulated,Negative,Stimulated
Sp113,Negative,Stimulated,Negative,Stimulated,Neutral,Calm,Neutral,Stimulated,Negative,Neutral
Sp114,Neutral,Stimulated,Negative,Stimulated,Neutral,Calm,Negative,Stimulated,Neutral,Calm
Sp115,Negative,Stimulated,Negative,Stimulated,Neutral,Stimulated,Negative,Stimulated,Neutral,Stimulated
Sp116,Negative,Stimulated,Negative,Stimulated,Neutral,Calm,Neutral,Stimulated,Neutral,Stimulated
Sp117,Negative,Stimulated,Negative,Stimulated,Negative,Stimulated,Negative,Stimulated,Neutral,Neutral
Sp118,Negative,Stimulated,Negative,Stimulated,Neutral,Calm,Neutral,Stimulated,Negative,Stimulated
Sp119,Negative,Stimulated,Negative,Stimulated,Neutral,Stimulated,Negative,Stimulated,Neutral,Stimulated
Sp120,Neutral,Stimulated,Negative,Stimulated,Neutral,Calm,Negative,Stimulated,Negative,Neutral
Sp121,Neutral,Neutral,Negative,Stimulated,Neutral,Calm,Neutral,Stimulated,Neutral,Neutral
Sp122,Negative,Stimulated,Negative,Stimulated,Neutral,Calm,Neutral,Neutral,Neutral,Neutral
Sp123,Negative,Neutral,Negative,Stimulated,Negative,Stimulated,Negative,Stimulated,Negative,Neutral
Sp124,Negative,Stimulated,Negative,Stimulated,Negative,Stimulated,Negative,Stimulated,Neutral,Neutral
Sp125,Negative,Stimulated,Negative,Stimulated,Negative,Stimulated,Neutral,Stimulated,Neutral,Neutral
Sp126,Negative,Stimulated,Negative,Stimulated,Neutral,Stimulated,Negative,Stimulated,Neutral,Neutral
Sp127,Negative,Stimulated,Neutral,Stimulated,Neutral,Calm,Neutral,Neutral,Negative,Neutral
Sp128,Negative,Stimulated,Negative,Stimulated,Neutral,Calm,Neutral,Neutral,Neutral,Neutral
Sp129,Negative,Stimulated,Negative,Stimulated,Negative,Stimulated,Negative,Stimulated,Neutral,Stimulated
Sp130,Negative,Stimulated,Negative,Stimulated,Neutral,Calm,Negative,Stimulated,Negative,Stimulated
Sp131,Negative,Stimulated,Negative,Stimulated,Negative,Stimulated,Negative,Stimulated,Negative,Stimulated
Sp132,Negative,Stimulated,Negative,Stimulated,Negative,Stimulated,Negative,Stimulated,Negative,Stimulated
Sp133,Negative,Stimulated,Negative,Stimulated,Negative,Stimulated,Negative,Stimulated,Negative,Stimulated
Sp134,Negative,Stimulated,Negative,Stimulated,Negative,Stimulated,Negative,Stimulated,Negative,Stimulated
Sp135,Negative,Stimulated,Negative,Stimulated,Neutral,Stimulated,Negative,Stimulated,Neutral,Stimulated
Sp136,Negative,Stimulated,Negative,Stimulated,Negative,Stimulated,Negative,Stimulated,Neutral,Neutral
Sp137,Negative,Stimulated,Neutral,Stimulated,Neutral,Stimulated,Neutral,Neutral,Negative,Stimulated
Sp138,Negative,Stimulated,Negative,Stimulated,Neutral,Calm,Neutral,Stimulated,Neutral,Neutral
Sp139,Negative,Stimulated,Negative,Stimulated,Neutral,Calm,Negative,Neutral,Neutral,Calm
Sp140,Neutral,Stimulated,Neutral,Stimulated,Neutral,Stimulated,Neutral,Stimulated,Neutral,Stimulated
Sp141,Negative,Stimulated,Negative,Stimulated,Neutral,Stimulated,Neutral,Calm,Neutral,Stimulated
Sp142,Neutral,Stimulated,Neutral,Calm,Neutral,Calm,Neutral,Stimulated,Neutral,Stimulated
Sp143,Negative,Stimulated,Negative,Stimulated,Neutral,Stimulated,Negative,Stimulated,Neutral,Stimulated
Sp144,Negative,Stimulated,Neutral,Calm,Neutral,Stimulated,Neutral,Neutral,Neutral,Neutral
Sp145,Negative,Stimulated,Negative,Stimulated,Negative,Stimulated,Neutral,Stimulated,Neutral,Stimulated
Sp146,Negative,Stimulated,Negative,Stimulated,Negative,Stimulated,Negative,Stimulated,Negative,Stimulated
Sp147,Negative,Stimulated,Negative,Stimulated,Negative,Stimulated,Negative,Stimulated,Negative,Stimulated
Sp148,Neutral,Stimulated,Neutral,Calm,Negative,Stimulated,Neutral,Neutral,Neutral,Neutral
Sp149,Negative,Stimulated,Negative,Stimulated,Negative,Stimulated,Neutral,Stimulated,Negative,Neutral
Sp150,Negative,Stimulated,Negative,Stimulated,Neutral,Calm,Negative,Stimulated,Negative,Neutral
Sp151,Negative,Stimulated,Negative,Stimulated,Neutral,Calm,Negative,Stimulated,Neutral,Neutral
Sp152,Negative,Stimulated,Negative,Stimulated,Negative,Stimulated,Negative,Stimulated,Negative,Stimulated
Sp153,Negative,Stimulated,Negative,Stimulated,Negative,Stimulated,Negative,Stimulated,Negative,Stimulated
Sp154,Negative,Stimulated,Negative,Stimulated,Negative,Stimulated,Negative,Stimulated,Neutral,Neutral
Sp155,Neutral,Stimulated,Negative,Stimulated,Neutral,Calm,Negative,Stimulated,Neutral,Neutral
Sp156,Negative,Stimulated,Negative,Stimulated,Neutral,Calm,Negative,Stimulated,Negative,Neutral
Sp157,Negative,Stimulated,Neutral,Stimulated,Neutral,Neutral,Neutral,Stimulated,Neutral,Stimulated
Sp158,Neutral,Neutral,Neutral,Calm,Neutral,Neutral,Neutral,Calm,Neutral,Neutral
Sp159,Neutral,Neutral,Negative,Stimulated,Neutral,Calm,Negative,Stimulated,Negative,Stimulated
Sp160,Negative,Stimulated,Negative,Stimulated,Neutral,Stimulated,Negative,Stimulated,Neutral,Neutral