Image-Name,Zero-Shot-Average-Valence-For-Image,Zero-Shot-Average-Arousal-For-Image,Zero-Shot-Average-Valence-For-Text,Zero-Shot-Average-Arousal-For-Text,Few-Shot-Average-Valence-For-Image,Few-Shot-Average-Arousal-For-Image,Few-Shot-Average-Valence-For-Text,Few-Shot-Average-Arousal-For-Text
A001,10.5,40,22,53,15.479,65.005,11.518,54.539
A002,30.5,63.5,43,47,29.3,63.14,60.546,40.108
A004,27.5,61,33,48,23.195,55.563,35.891,52.033
A005,32.5,62,70,60,31.58,58.64,79.677,64.004
A006,43.65,56.37,64,40,43.64,51.1,79.326,35.921
A007,19.5,68,31,60,24.087,65.553,38.552,55.452
A008,22.2,66,37,51.5,29.889,65.285,38.387,53.699
A009,28.5,61,36,60,34.152,55.803,36.765,60.236
A010,32,42,31,59,30.92,57.057,37.352,52.169
A011,25,31.5,66,30,25.5,59.125,64.417,25.892
A013,10.5,71.5,27,60,14.835,69.768,36.855,61.438
A014,33,60.5,34,60,27.49,63.053,35.454,62.812
A015,31.5,44,31,60,35.4,46.2,34.817,58.847
A016,27,48.5,15,52,29.581,62.2,8.318,67.546
A017,28.5,61,28,62,26.446,53.982,26.473,62.88
A018,16.7,58.5,14,61,22.43,60.14,9.151,70.653
A019,33,58,34,57,37.32,49.73,27.594,56.273
A020,34,24,77,30,39.9,41,85.866,29.417
A021,30,42.5,30,60,33.961,54.775,24.892,62.428
A022,30,40,33,58,39.66,47.02,35.263,61.772
A023,15,63.5,31,60,22.1,61,35.675,60.077
A024,37,52,40,60,41.4,57,51.825,56.793
A025,12.5,71,28,59,20.247,68.916,28.619,51.365
A026,22.2,61,34,61,18.808,62.753,34.672,61.634
A027,18,48,22,48,16.272,56.333,20.216,52.856
A028,30,61.5,34,59,40.1,55.7,36.147,59.648
A029,23,61,24,60,24.253,60.626,33.902,57.557
A030,18,68,31,61,21.986,66.716,29.32,64.398
A031,35,42,34,48,42.284,45.231,40.946,45.508
A032,63.5,46,63,51,58,42.39,64.484,44.721
A033,20,61.5,31,59,23.777,59.233,24.369,53.325
A034,30,61.5,27,60,32.293,55.618,31.903,55.624
A035,26.5,58,32,60,30.94,54.568,33.805,60.671
A036,27.5,50.5,29,48,23.979,58.031,31.266,55.593
A037,30.5,59,34,62,34.724,52.313,41.866,62.702
A038,28,53.5,34,60,33.3,52.25,26.571,52.693
A039,32.5,60.5,39,47,31.923,61.157,41.201,49.311
A040,18.5,59.5,34,46,31.605,59.395,34.866,49.856
A041,9,76,14,74,13.047,73.392,20.413,67.376
A042,11.5,68,41.6,32,19.673,69.941,45.589,35.797
A043,42.7,55,44,36,43.1,52.75,51.816,41.12
A044,33.5,45,30,40,32.443,49.438,31.905,49.152
A045,47.7,31.9,64,38,53.24,25.27,61.713,36.953
A047,25.5,43,31,40,23.253,60.126,34.405,48.219
A048,21.5,63,43,55,23.389,60.916,58.989,35.134
A049,23.1,58.5,35,44,32.38,60.46,33.642,49.814
A050,33.8,63.5,62,45,36.419,65.466,62.397,43.174
A051,29.7,43.5,21,56,33.28,52.36,23.431,51.258
A052,27.5,51,36,58,34.37,60.22,41.319,59.23
A053,47,32,35,38,52,32,41.354,39.592
A054,28,63,41,60,31.035,64.799,45.394,61.417
A055,13.05,69.5,11,76,20.872,63.032,4.956,76.592
A056,28.621,47.178,33,43,23.088,55.744,36.089,51.085
A057,23,63.5,69,40,23.652,65.949,66.034,43.061
A058,27.5,67.5,46,49,31.85,59.647,44.752,53.93
A059,42,23.5,45,47,44,30,62.938,41.173
A060,42.5,30,44,30,43,32,62.794,29.519
A061,26.5,56,29,42,27.331,56.162,32.899,55.56
A062,20.2,60.5,25,60,27.543,61.432,31.54,55.504
A063,32.5,39.5,69.4,36,36,42.4,71.013,37.987
A064,33,38.5,65,37,28.745,48.907,65.703,36.927
A067,27.5,58.5,33,58,32.995,55.502,35.035,55.929
A068,13.5,67.5,30,62,13.565,62.18,34.103,63.831
A069,10,72,17,65,14.848,63.843,15.682,62.618
A070,20,60.5,31,60,28.233,62.167,30.154,54.868
A071,10.5,55,13,60,14.671,61.279,17.386,61.306
A072,12,38,19,40,15.046,64.098,27.296,35.098
A073,26.5,60.5,24,59,29.748,54.726,30.054,54.689
A074,36,59,34,51,32.419,56.256,44.449,47.396
A075,8.5,74.5,11,78,8.302,81.763,12.043,83.417
A076,14,67,21,54,27.355,63.782,17.199,54.925
A077,36.7,24,43,29,44.508,24.592,52.698,30.998
A078,38.3,38.4,39,28,40.065,47.981,43.464,33.487
A079,11,69,15,62,18.8,67.27,22.665,64.363
A080,62.3,37.4,66,38,62.31,25.915,66.992,34.677
A081,44.5,33.5,71.6,35,42.78,39.42,72.469,30.483
A082,21,44.5,35,41,28.392,55.632,36.697,54.662
A083,8.6,81.3,14,74.5,11.7,76.28,11.281,73.094
A084,16.5,66.5,19,54,19.48,62.709,36.297,59.096
A085,20.75,48.8,23,49,20.335,58.119,23.049,50.831
A086,10,72,16,62,19.629,66.729,16.594,65.642
A087,20.5,50,19,61,29,57,25.929,62.245
A088,40.8,35,20,52,35.156,56.483,24.7,56.06
A089,17,66.5,21,60,21.042,66.082,25.092,60.105
A090,33.457,52.823,34,42,44.286,48.154,38.084,52.247
A091,25.8,62,36,57,34.407,64.461,38.644,53.207
A092,22.5,56.5,27,41,29.715,56.819,28.035,50.13
A093,18.5,59.5,17,62,22.557,60.335,16.117,57.77
A094,48.7,40.3,52,64,57.32,35.5,55.243,59.65
A095,10,71,17,73,24.61,65.798,15.968,72.303
A097,11.2,69.5,19,62,23.319,63.985,17.272,66.129
A098,21.5,63,32,60,25.514,62.773,34.26,61.496
A099,13.5,67.5,16,63,19.247,61.622,17.443,65.231
A100,24.25,61.5,28,62,24.602,61.207,26.072,65.955
A101,15,67.5,19,59,22.609,60.663,20.459,60.143
A102,38.6,56,68,40,36.8,61.66,71.007,39.471
A103,42.5,28.5,65,30,36,53,62.512,28.515
A104,11.5,68.5,17,64,10.9,73,9.718,70.769
A105,34.3,42.5,38,34,34.62,54.74,43.971,35.904
A106,33.5,41,33,44,37.16,54.68,35.295,52.861
A107,29,57.5,26,61,26.6,61.66,33.938,60.981
A108,24,60.5,33,40,26.099,60.365,35.53,49.849
A109,29,58,28,43,33.874,57.401,32.102,50.633
A110,19.5,56.5,18,62,26.08,59.865,14.785,62.68
A111,27.5,53.5,24,51,29.395,54.732,35.888,57.469
A112,49.5,30,45,30,51.8,25.6,54.964,30.998
A113,25.5,59.5,33,40,37.875,50.066,38.777,50.898
A114,23,59,34,40,23.907,55.4,35.274,50.785
A115,24.75,68,33,66,27.291,67.683,39.156,61.351
A116,14,61.5,15,64,18.361,60.207,17.137,61.767
A117,16.5,68.5,13,74,24.919,62.068,14.779,77.726
A118,22.5,62,33,41,23.9,57.646,37.623,44.059
A119,20,42.5,21,59,26.176,57.063,17.976,57.636
A120,11.5,59,21,59,16.925,59.256,28.45,52.585
A121,22.5,29,44,30,25.831,54.423,51.917,35.224
A122,33.5,58.5,35,60,35.156,61.385,26.633,66.737
A123,31,65.5,44,42,39.397,59.688,47.663,41.996
A124,69,35.5,42,35,71.655,21.842,43.579,39.049
A125,19.5,66,25,61,23.28,63.06,32.775,63.12
A127,13.5,68,29,59,16.472,67.28,26.898,55.911
A128,18.5,63,35,43,25.98,57.95,39.699,46.762
A129,32.5,61,43,36,33.2,60.124,44.928,47.353
A130,57,38.5,67,40,51,41,70.287,36.088
A131,65,30,63,38,67,22,64.283,29.471
H001,73.434,27.357,86,30,84.8,24,87.761,20.985
H002,29.5,67.5,75,40,32.238,64.428,86.883,37.6
H003,24.5,58,67,41,32.917,55.107,72,44
H005,32.5,43,72,31,23.286,59.136,68.933,23.61
H006,42.5,33.8,53.8,41,48.8,30,54.271,38.989
H007,25.5,57.1,54,47,29.685,50.245,54.903,44.8
H008,43,31.5,65,38,51.2,30.04,67.121,37.256
H009,45.5,34.5,70,40,45.913,31.378,67.588,31.713
H010,55.95,40.5,55,38,57.5,36,55.592,33.387
H011,34.5,28.5,33,41,41.219,34.813,36.166,45.308
H012,52.6,39.5,49,41,56.26,42.02,50.63,38.478
H013,67.425,64.03,70.4,63,68.607,61.26,68.354,61.783
H014,33.1,41.5,35,60,35.156,46.804,35.111,56.786
H015,29.8,58.5,40,49,25.275,57.925,49.875,45.382
H016,17,63,19,69,26.682,63.437,20.733,65.222
H017,38,33.5,64,40,36.262,44.965,65.886,35.886
H018,43.9,35,65,40,53,36,67.033,40.973
H019,16.5,75.5,20,79,17.4,74.66,29.507,71.472
H020,69.196,55.134,74.4,41,69.98,41.704,83.249,45.274
H021,36,48,35,41,42.542,45.255,43.588,54.046
H022,3.5,86.5,10,77,7,81,10.857,83.852
H023,60.55,41.8,66.8,45,65.6,39.78,69.077,44.007
H024,66.3,42.2,70.2,41.8,71.6,27,69.226,49.003
H025,43.5,35,66.6,40,42,30,65.835,35.111
H026,17,70,26,64,21.708,65.414,26.593,61.254
H027,64.723,38.599,79,40,68.864,30.818,84.19,35.154
H028,31.9,57.1,37,47,39.375,55.05,41.755,53.818
H029,52.5,48,74,56,55.592,39.738,73.807,39.67
H030,22.4,55.8,35,59,28.671,59.851,40.169,55.342
H031,33,30.5,33,40,26.096,44.381,32.727,42.957
H032,32,66.5,24,65,30.352,59.764,32.002,66.396
H033,40.2,44.6,65.6,40,44.8,48,70.686,43.083
H034,11,71,25,60,22.028,72.035,31.477,62.195
H035,33.5,40,64,40,42.021,50.287,62.075,37.126
H036,26,55.5,74,38,33.519,57.576,78.78,30.85
H037,15,52.5,34,64,18.368,66.251,34.325,68.459
H038,10,72,14.5,72.5,15.303,70.773,18.018,69.659
H039,20.7,62.5,63,40,25.14,58.528,63.471,34.28
H040,38.5,41.5,65,40,44.096,51.25,68.75,41.257
H041,30,65.5,24,63,38.561,60.635,25.524,56.276
H042,72.2,31.8,85,32,80.26,20.072,86.93,28.514
H043,42.5,42.5,45,37,43.017,46.162,57.988,35.968
H044,41.7,31.9,24,60,43.1,43.4,25.076,56.683
H045,66.2,43.5,73,40,67.7,34.5,79.296,35.124
H047,50.3,39,69.4,55,58.5,37,69.992,54.756
H048,31.5,41,26,51,38.455,38.24,25.043,55.573
H049,32.846,41.079,22,61,41,46,25.874,57.143
H050,44.5,50,69.2,53,51,35,71.617,53.082
H051,32.8,41.5,27,41,35.183,45.23,32.517,53.093
H052,42.5,34,65.6,41,43.484,32.516,64.543,39.89
H053,36.333,37.889,34,54,42.449,41.752,34.824,58.241
H054,40.9,37.5,35,41,48.486,41.537,40.324,41.153
H055,35,62.5,40,60,39.308,52.698,42.571,57.826
H056,33.9,41.1,27,60,34.452,56.986,35.742,62.053
H057,52.65,36.5,74.6,39,49.016,38.104,76.622,34.271
H058,62,41,70.4,41,64.104,30.759,71.615,44.388
H059,47.5,35.5,65,37,54.2,29,64.228,31.022
H060,47.6,42.3,65,40,58.364,38.032,67.056,38.231
H061,44.1,35.5,65,40,50.641,39.012,66.251,38.543
H062,24.1,44,40,30,30.32,56.4,55.791,41.87
H063,28.1,62,34,66,30.608,58.387,33.263,65.162
H064,12.5,73,32,64,15.344,63.582,40.845,64.94
H065,53.33,43.52,56,45,59.596,27.256,60.29,48.06
H066,32.5,40,69.4,32,27,51,69.418,34.1
H074,10,73.5,24,70,15.311,73.349,30.149,63.106
H076,40.725,61.55,45,40,51.647,52.169,57.027,40.211
H077,10,75.5,25,63,15.503,73.494,22.515,57.149
H078,16.5,55,33,42,28.72,57.657,37.09,48.216
H079,11,70,10,75,16.812,73.246,15.242,74.775
H080,43.079,57.032,63,53,41.2,55,62.011,49.274
H081,11,67.5,17,75,22,63.5,16.699,63.918
H082,17.35,67.9,18,72,27.002,63.05,15.386,78.787
H083,46,34,76,34,58.5,39,83.594,31.927
H084,29,55,37,55,31.162,58.315,39.487,61.547
H085,35.8,52.2,41.6,56,42.13,53.13,45.787,49.339
H086,45.1,48,44,44,40.815,46.123,46.34,51.178
H087,69,29.5,73.4,39,67.026,21.258,78.153,27.533
H088,36.5,53,41,33,43.5,53,51.856,37.198
H089,52.5,40,55,39,63.425,32.48,56.456,40.977
H090,72.95,39.69,76,41,85.372,24.557,85.396,29.494
H091,19.437,63.325,20,59,21.115,60.848,24.886,61.536
H092,20.5,43.5,26,40,35.274,52.461,25.407,58.445
H093,30.3,39.5,60,35,36.431,40.556,58.805,37.174
H094,49,43.5,69,40,42.012,56.286,73.755,55.18
H095,21.3,58,35,51,24.002,59.1,39.348,48.493
H097,34.659,55.339,40,57,38.434,58.638,41.919,58.631
H098,35.5,21.5,39,28,41.1,24,49.632,26.976
H099,12.2,35.5,15,41,15.908,60.499,21.888,57.061
H100,13.25,44,16,40,19.036,55.161,24.275,55.63
H101,19,38.5,35,34,25.342,58.272,40.464,45.489
H102,25.9,40.6,17,63,32.6,42,22.163,68.938
H103,43.5,32.5,38,35,53.8,29,49.173,35.849
H104,17,61,16,74,31.2,60,17.379,72.387
H105,21.2,33.5,26,40,21.408,48.239,30.85,44.685
H106,34.4,42.5,40,33,40.217,39.122,43.401,52.515
H107,16.747,39.133,22,40,21.581,55.529,35.696,56.138
H108,66.785,39.479,84,40,72.411,34.386,87.048,31.954
H109,68.984,39.626,76.6,41,74.306,39.648,77.278,40.379
H110,29.5,43,27,60,24.746,48.899,26.75,53.477
H112,32.5,66.5,33,60,35.404,60.286,35.497,59.35
H122,15,67,15,72,23.1,69,15.086,65.357
H123,10.5,71,15,72,19.698,71.025,12.977,72.221
H124,18,73.5,24,65,16.259,74.755,30.432,63.519
H125,25.35,65.5,67.6,58,32.664,67.318,68.942,56.12
H126,22.2,50,18,61,32.24,58.16,20.11,64.415
N001,50.3,24.5,58,28,53,20.4,58.625,22.12
N002,53.65,24,68,32,55.6,20.4,67.477,24.15
N003,49.2,19.5,38,33,53.014,21.122,42.071,30.001
N004,45,18.4,50,20,48.4,15,55.081,22.96
N006,50,10,45,30,50.849,17.244,48.412,27.586
N008,49.5,13,46,22,48.1,12.8,51.61,24.458
N009,50,11,64,28,53.5,17,64.755,25.875
N010,50,16,53.2,22,52.586,10.916,55.04,22.423
N011,50,10,54.4,23,51.1,18,59.779,20.82
N013,50,15,50,23,50.4,12,53.513,21.112
N014,49,13,48,28,50.367,14.304,51.827,21.21
N015,49.9,20.3,62,29,55,20,63.13,20.775
N016,47.722,30.35,65,39,52.316,27.621,66.523,35.422
N017,56.9,25.5,66,30,66.463,19.819,69.109,24.152
N018,61.7,29.9,61,32,57.548,15.371,63.79,28.493
N019,46.4,21.5,56,30,50,18,57.252,22.349
N020,51.3,24.5,45,32,57.3,21.16,54.319,33.91
N021,44.25,30.075,42,30,45.955,31.586,50.349,43.409
N022,47.3,31.3,55,40,54.435,27.408,55.394,36.451
N023,64.3,30.4,69,33,65.084,25.611,59.055,35.19
N024,49.1,21.5,50,28,54.091,16.204,59.967,18.17
N025,44.1,32,56,43,44.3,31.46,59.991,44.32
N026,45.8,21,42,28,45,20,53.866,29.706
N027,61.5,31.5,66.6,32,61.159,26.132,67.812,28.863
N028,57.8,26.5,65,29,60.26,21.3,62.547,29.077
N030,46.3,27,49,30,48.974,21.922,50.918,28.742
N031,46.3,24.7,44,26,47.3,17.04,47.669,23.276
N032,41.2,27.5,39,29,44.6,23,47.715,36.195
N033,48.3,22.5,55,32,54,20,63.711,20.327
N034,45.6,21,51,18,49.3,19,56.524,20.869
N035,50,11,48,24,52.4,16,52.257,15.927
N036,49.5,12,46,25,55,12,52.492,22.972
N037,52,30,70,36,49.84,18.7,72.822,25.557
N038,65,33,72,35,63.686,26.744,70.895,32.799
N039,51.97,22.145,45.6,32,59.1,21.174,53.603,23.364
N040,48.7,25.8,45,28,55.086,23.164,51.944,22.022
N041,49.9,24,62,34,51,22,60.777,30.823
N042,50,15,65,38,50,11,62.271,33.244
N043,50.7,21.5,65,36,51,25,64.299,28.57
N044,49.2,22,56,41,49.8,14.4,56.958,37.338
N045,50,10,50,10,50.2,20,50.576,15.265
N046,50,11,51,20,50,14,58.757,19.247
N047,50,16,64,30,48.6,20,62.829,29.49
N061,50,12,67,34,56.923,20.196,62.166,25.74
N062,45.15,27.22,66,38,49.6,26,65.416,31.99
N064,43.9,26,41,30,52.3,26.4,44.579,30.806
N065,53,26,55,41,52.8,19,58.543,27.236
N066,51.6,40.3,60,40,55.909,29.528,60.356,32.527
N067,50,11,50,22,51,12,47.04,19.76
N068,49.8,12,47,25.6,51.2,11,53.18,22.741
N069,47.5,29,45,30,51.1,20.4,55.567,29.84
N070,50,10,70,30,51.2,10,64.348,23.973
N071,49.7,28,43,29,48.7,21,47.04,33.52
N072,50,25.8,64,32,54.75,20,59.517,23.015
N073,48.7,18,57,38,50,20,58.035,35.292
N075,33.2,37.35,41.4,47.6,42.614,34.039,48.318,36.669
N076,48.3,15,52,28,52,18,52.446,21.094
N077,55.3,25.8,67,40,63,20,66.17,32.657
N078,49.5,15,70,30,52.5,13,65.782,22.791
N079,50,24.5,66,30,54.5,20,61.151,25.435
N080,49.8,14.7,66,29,50,18,57.535,21.241
N081,50.4,32,58,36,51,30,55.067,35.896
N082,59.5,30.5,65,40,59.5,29.14,60.682,32.699
N083,50,10,53,30,50,10,54.42,30.997
N085,49,22,60,32,51.2,21,59.898,39.191
N086,54.2,37,67.6,32,60.168,26.498,67.189,33.339
N087,40.7,32,39,36,42.632,36.256,45.5,37.086
N088,50,23.5,71,30,55.6,21.8,75.547,27.01
N089,50,14,70,29,55.7,15,62.697,22.612
N090,65.212,33.579,72.6,39.2,62.835,24.911,73.701,33.578
N091,50,12,64,30,50.4,18,64.397,19.878
N092,50,12,50,30,50.7,14,53.721,30.458
N093,53,31.5,72,30,52.643,29.317,71.402,27.06
N094,49.5,11,50,18,51.7,18.4,52.207,15.442
N095,50,15,54.2,26,55,15,55.483,17.21
N096,50,12,51,28,52,20,52,19.975
N097,64.75,30.8,72,38,67.441,23.484,72.121,28.809
N098,47.9,22.5,59,24,50.4,22,54.549,20.589
N099,50,23,65,30,49.5,22,68.493,26.118
N100,50,12,54,26,50,13,57.819,21.604
N101,43.9,24.5,49.6,29.5,47.6,21,50.897,19.377
N102,47.8,17.8,45,30,47.1,22.2,48.357,31.03
N104,44.5,30.8,49.6,31,48.9,24.8,59.162,28.502
N105,50.1,27.5,68.6,40,49.7,22,63.048,34.508
N106,49.8,10,50,12,50,10,52.4,20
N107,40.7,27.5,43,30,43.04,21.82,47.038,36.716
N108,54.2,22.5,72,30,57.46,20.1,73.027,23.141
N109,45.3,23.5,33,30,48.8,18,43.119,27.994
N111,56.9,25.8,66.6,31,57.4,20,63.44,22.855
P001,74.075,37.65,85,40,82.112,20.83,82.87,31.194
P003,79.347,32.775,86,61,93.402,24.473,90.651,43.623
P004,85,20.5,91,25,89.195,15.36,93.913,13.546
P005,85,27.5,95,28,89.89,18.148,92.261,23.294
P006,80.5,28.5,88,30,86,20,92.903,19.366
P007,83,22.5,87,25,88.592,17.243,88.515,22.886
P008,82.88,35.86,87,53,92.6,25,92.83,41.507
P009,78,27.5,86,30,84.5,22,95.32,14.437
P010,84.673,35.405,85,40,85.9,24.86,94.137,22.064
P011,79.142,58.533,86,46,86.5,36,93.113,30.359
P012,82.335,34.857,85,38,87.586,19.255,82.463,31.62
P013,79.207,39.672,85,38,90.8,24.8,90.9,29.303
P014,79.52,41.463,85,40,87.4,27.7,84.81,35.026
P015,70.215,38.878,78,34,85.147,28.356,82.324,35.993
P016,63.95,31.35,70.1,40.02,65.2,25,70.735,33.061
P017,71.7,30.9,85,35,84,24,87.573,23.028
P018,83.825,30.85,85,36,92.3,27.62,94.812,24.506
P020,79.6,30.335,85,30,85.16,19.04,80.076,26.126
P021,83.591,32.494,85,38,91.055,23.292,89.523,24.195
P022,79.234,43.178,83,44,86.7,29.04,78.133,35.517
P023,69.05,33.33,71,38,79.702,23.651,69.988,28.489
P024,73.95,37.45,74.4,39.6,87.74,27.54,82.963,26.198
P025,83.78,30.02,87,38,84.805,21.188,89.446,24.556
P026,75.828,31.888,77.6,32,84.781,25.841,74.228,27.855
P027,69.1,35.42,71.8,36.6,83.2,24.02,72.962,21.972
P028,79.595,39.435,85,40,87.7,27,93.751,26.549
P029,72.237,43.006,73.191,40.486,83.4,25.8,78.849,39.507
P030,77.25,34.8,85,30,82.493,25.627,90.672,25.899
P031,85,33.5,83,36,90.1,20,91.763,15.986
P033,76.45,33.4,85,40,85.353,29.3,88.422,23.311
P034,73.25,39,73,40,83.864,30.286,83.019,35.348
P035,81.604,39.042,85,40,84.32,30.04,89.13,42.915
P036,82.667,27.832,85,30,93.4,19,93.735,21.534
P037,84.512,39.019,87,45,92.1,29.8,92.509,30.202
P038,72.9,34.68,85,36,85.6,31,88.819,34.184
P039,85,33.5,88,29,91.48,26.12,88.273,30.183
P040,62,36,65,40,64.79,28.56,70.377,30.041
P041,84,35,89,40,91,25.15,93.682,26.898
P042,83.769,36.005,85,33,89.1,20.8,95.909,24.875
P043,81.5,41.5,90,39,93.7,30,96.1,35.129
P044,68.75,30.98,84,38,69.849,24.722,92.319,28.352
P045,71.535,30.979,83,38,83.876,25.735,91.186,35.716
P046,70.5,28.735,70,32,72.611,28.336,81.098,32.866
P047,73.237,30.774,82,40,85.769,23.601,78.815,34.358
P048,71.45,31.2,74,40,77.73,21.769,81.582,38.398
P049,71.9,31.3,84,40,84.8,24,80.805,33.878
P050,73.657,59.043,85,40,83.459,38.752,84.696,35.217
P052,69.4,27.5,70.6,36,66.064,21.316,83.687,34.919
P053,71.2,30,70,36,74.1,23,83.709,29.294
P054,72.25,29.5,88,40,84.146,26.523,91.995,34.165
P055,79.422,28.552,85.25,40,85.406,22.033,89.617,37.937
P056,70,30,76,29,71.537,24.88,76.773,27.317
P057,74.496,29.489,75,30,82.83,20.82,83.202,25.833
P058,73.535,31.294,85,34,87.225,25.235,92.384,29.552
P060,70.7,29,81,30,72.45,28.077,83.117,33.535
P061,74.785,29.827,85,40,78.924,23.311,91.849,25.307
P062,74.395,35.645,84,41,85.349,27.276,85.762,34.419
P063,75.55,26.8,83,29,85.255,21.55,89.266,21.447
P064,82.4,30.7,88,30,91.9,20,93.616,23.036
P065,72.95,30.8,85,30,77.109,28.113,87.656,25.547
P066,80.985,35.956,91,34,92.376,26.167,88.823,24.041
P067,77.045,28.835,87,30,82.7,22.2,92.605,19.049
P069,70.15,28.97,75,34,68.075,23.83,78.302,25.556
P070,78.145,35.312,85,56,86.951,30.728,84.936,60.168
P071,81.8,32,85,30,85.842,24.781,92.425,23.065
P072,84.8,29,87.6,34,91.86,16.68,92.889,25.525
P073,73.335,37.616,74,30,81.345,27.342,85.634,29.395
P074,84.186,27.131,87,30,85.562,19.11,95.444,19.751
P075,71.75,29,67.6,40,85.356,22.424,70.884,28.775
P076,75.13,36.968,83,30,81.28,24.5,75.406,32.724
P077,83.782,39.576,85,40,84.59,22.772,86.932,35.828
P078,84.837,30.921,86,30,85.157,28,91.392,17.64
P079,75.2,32.97,76,32,85.578,23.482,77.721,28.873
P080,81.333,35.631,80,40,94.202,22.317,84.526,39.668
P081,78.085,31.918,85,30,85.868,23.803,84.594,23.652
P082,78.77,30.433,85,30,88.1,24.1,78,31.322
P083,73.93,37.85,70,40,85.427,38.302,71.523,38.618
P084,74.5,29.5,87,30,84.952,19.676,92.463,22.967
P085,71,31,66.6,30,75.681,25.223,65.433,28.635
P086,74.55,29.94,87,34,84.7,23.9,89.17,33.607
P087,70.55,36,79,40,72.204,31.252,88.831,30.415
P088,71.1,35,81,47,79.978,26.029,86.396,51.856
P089,71.575,30.28,83,30,84.5,25,84.322,28.947
P090,65.5,39.5,74,40,68.664,31.97,73.153,35.677
P091,84.45,29.525,89,36,89.513,21.54,92.483,29.244
P092,74.28,33.86,85,39,82.7,29.6,87.522,35.732
P093,74.25,30.9,85,31,86,25,84.7,25.826
P094,69.4,29,74,30,70.9,23.6,83.415,25.147
P095,75.23,36.199,75,40,84.2,24.14,82.69,28.398
P096,82.461,35.647,84,38,85.341,24.13,88.138,33.889
P097,70.2,76.5,73,74,75.447,65.635,71.95,75.147
P098,66,40,61,41,67.29,30.044,64.775,46.389
P099,78.645,32.922,85,40,80.068,23.855,86.294,29.159
P100,61.5,47,65,44,66.654,40.177,70.73,43.45
P101,72.113,29.727,78,30,85.213,23.563,72.321,24.412
P102,71.335,37.25,77,41,74.353,27.798,78.15,29.752
P103,71,30,83,30,85.125,20,77.669,25.982
P104,70.25,33.3,77,40,74.786,22.299,84.388,30.967
P105,70.183,65.663,72,66,72.9,64.2,82.482,71.068
P106,80.4,32.72,85,38,88.3,25.02,87.706,33.861
P107,75.95,30.3,85,40,85.2,20,86.097,31.308
P108,77.042,29.469,85,30,84.953,24.102,90.422,28.184
P109,69,28,67,34,70.818,23.959,72.464,38.117
P110,80.988,37.508,85,40,83.75,32.5,89.751,42.334
P111,70,36,80,40,85.1,32,82.404,34
P112,62.1,30,65,30,65.504,31.518,71.707,29.018
P113,71.967,32.311,72.95,39.8,82.46,24.001,79.302,32.466
P114,84.535,41.525,86,40,88.04,23.968,88.403,33.695
P116,73.519,28.895,75,30,87.49,17.858,80.393,21.962
P117,78.8,28.96,85,36,88.1,20,91.91,19.982
P118,76.9,32.7,85,36,87.54,26.94,89.492,27.543
P119,70.5,30,77,38,70.951,25.174,85.171,35.041
P121,73.35,30.8,83,33,81.369,22.212,83.593,35.436
P122,73.431,32.222,85,30,85.326,25.029,86.839,20.394
P123,79.162,29.704,85,36,88.2,22,94.254,24.791
P124,71.2,64,65,72,74.399,52.533,77.766,62.432
P125,72.734,30.579,85,40,80.593,28.939,91.074,39.068
P127,76.44,30.896,85,34,90.4,23.86,88.639,24.243
P128,82.9,30.43,87,40,85.395,22.406,84.305,30.848
P129,72.934,59.876,73.6,57,81.6,37,79.071,44.634
P130,71.843,33.957,81,40,72.085,28.446,88.233,34.594
Sn001,30.5,68.5,38,56,36.314,60.379,46.818,53.339
Sn002,34,63.5,35,62,37.898,63.242,40.324,55.077
Sn003,41.5,60.5,43,61,42.1,60.14,37.895,58.436
Sn004,30.5,67,29,70,29.431,65.386,37.403,62.637
Sn005,29.5,66.5,33,66,25,64,28.199,68.037
Sn006,37.5,60,37,64,34.426,58.307,41.895,62.626
Sn007,33.5,60.5,39,61,35.26,63.143,41.781,61.207
Sn008,35,65,39,60,38.833,63.269,36.314,62.063
Sn009,28.7,71.7,31,71,26.755,69.745,40.6,63.878
Sn010,34.5,67,34,69,33.832,65.461,39.957,69.982
Sn011,33.5,65,34,65,33.378,64.48,44.694,59.874
Sn012,36.5,61,39,65,39.666,60.766,42.204,67.064
Sn013,34.5,61.5,37,60,32.1,64,37.044,51.974
Sn014,36.5,62,40,61,37,59.838,44.924,53.706
Sn015,44,53.5,38,46,40,52,44.083,46.477
Sn016,38.5,63.5,36,61,42.94,62.57,46.932,56.372
Sn017,38.5,61.5,41,58,45.8,57.04,38.458,47.842
Sn018,32,62.5,34,61,37.1,60.15,34.858,54.603
Sn019,51,64.5,55,58,68.6,46.65,40.28,55.357
Sn020,29.5,68,34,60,33,64,47.793,39.484
Sn021,37.5,61.5,43,45,44.202,57.907,45.998,43.512
Sn022,33.5,60.5,41,59,37.194,57.05,43.811,44.77
Sn023,32,61.5,40,60,23.218,63.068,40.018,57.786
Sn024,32.5,63.5,29,69,34.156,67.156,37.34,64.493
Sn025,31.5,66,31,60,33.177,60.192,32.744,60.983
Sn026,42,61,63,41,46.329,44.449,44.624,57.473
Sn027,30.5,68.5,39,60,33.15,60.084,41.63,58.284
Sn028,40,62,39,60,40.208,61.632,43.9,50.854
Sn029,33,66.5,35,62,42.312,58.454,40.232,59.527
Sn030,39,60,41,51,45.1,55,51.44,43.503
Sn031,39,61,61,40,39.051,61.157,49.935,39.072
Sn032,39.3,63,37,61,34.2,59.69,29.921,56.471
Sn033,32.5,60,42,36,38,60,46.612,43.688
Sn034,34,62,33,60,38.092,63.274,40.506,59.414
Sn035,33,63.5,32,70,37.5,66.21,36.532,63.906
Sn036,30.5,64,29,70,38.5,63.94,36.082,61.276
Sn037,37,63.5,33,60,36.163,61.17,28.321,50.347
Sn038,31,62.5,32,65,40.817,62.036,35.41,65.852
Sn039,37,61,39,56,40.5,63.74,41.437,51.003
Sn040,38,64,64,40,41.454,59.274,58.85,34.841
Sn041,35.8,62,36,61,32.6,60.18,42.678,59.68
Sn042,34.5,62,33,62,37.277,61.377,35.079,61.9
Sn043,30.5,63,35,62,34.455,65.367,41.482,56.893
Sn044,33.5,61.5,35,60,34.422,66.108,36.632,63.028
Sn045,32,61.5,29,69,35.726,60.091,35.389,60.05
Sn046,40,61.5,40,56,41.961,58.968,38.978,47.987
Sn047,25.333,76.056,28,82,35.204,68.52,30.06,80.74
Sn048,25.5,70,33,61,32.287,66.67,39.054,61.716
Sn049,40.5,61.5,42,37,46.7,62,44.699,43.313
Sn050,29.5,65,32,62,32.465,62.983,21.945,60.281
Sn051,38,61.5,42,52,43.891,57.414,46.516,46.688
Sn052,36.5,65,33,62,38.444,68.678,41.765,56.509
Sn053,40.5,60,35,60,45.4,59,42.408,48.82
Sn054,35.5,60.5,30,67,37.229,49.993,21.84,63.226
Sn055,30.5,64.5,43,51,28.189,65.531,46.898,57.992
Sn056,39.5,60.5,39,60,43.2,60.1,41.233,58.203
Sn057,40.5,63,64,40,48.93,56.493,67.73,33.861
Sn058,29,68,24,63,26.509,62.482,22.446,65.544
Sn059,15.7,75,29,71,19.121,69.259,36.04,63.384
Sn060,36.5,62,34,61,34.216,60.144,39.2,50.399
Sn061,58,39,62,40,64.717,28.96,40.088,55.736
Sn062,40,60.5,40,46,41.74,53.263,41.385,48.231
Sn063,55.5,46,64,40,44.6,52,50.897,40.238
Sn064,42,49.5,40,50,46.453,37.346,45.924,47.351
Sn065,33.5,60.5,39,60,36.1,62.14,32.776,56.704
Sn066,52,44,40,60,58.4,41.1,41.385,60.481
Sn067,37.5,60,28,72,42.843,62.679,34.691,70.438
Sn068,39,60,42,60,40.7,60.15,45.936,43.823
Sn069,30.5,67,39,60,38.418,62.276,47.911,40.715
Sn070,32,64,40,60,41.202,59.249,39.69,50.487
Sn071,31.5,66,41,60,39.483,61.227,42.848,59.458
Sn072,42,58.5,44,44,44.857,43.443,44.959,43.168
Sn073,40,62.5,42,60,41.3,60.075,47.533,48.558
Sn074,39.5,60.5,46,61,40,61,40.878,57.355
Sn075,41.5,60.5,41,60,44.685,55.856,52.754,41.435
Sn076,40,60.5,36,60,46.3,45,45.766,59.084
Sn077,53.5,37,63,39,57.92,34.9,66.364,35.912
Sn078,37.8,58.5,41,60,45.6,46,42.727,42.622
Sn079,39.8,61,64,40,42.152,61.298,68.383,47.361
Sn080,38,61.5,40,46,43.525,61.154,45.045,49.947
Sn081,33.5,65.5,35,60,35.236,65.576,37.57,45.726
Sn082,29.5,68.5,40,60,35.328,67.047,43.95,59.618
Sn083,40.5,61,33,63,43.6,66,36.392,65.087
Sn084,38,60.5,40,50,37.102,61.598,38.863,48.333
Sn085,33.5,60.5,40,60,40.165,61.196,47.46,56.414
Sn086,32.5,64,41,52,36.834,58.994,41.011,53.148
Sn087,27.9,62,38,60,30.204,64.196,35.364,59.371
Sn088,36.9,60.5,39,49,35.39,62.792,42.153,52.272
Sn089,37.5,61,42,41,44.9,62.1,43.985,50.301
Sn090,31,63,36,61,40.1,60,33.114,59.743
Sn091,37.9,61,38,60,43.3,60,43.502,50.106
Sn092,39,59.5,54.6,37,40.542,58.294,51.444,33.282
Sn093,43.8,60.5,40,50,43.5,59.55,58.091,41.365
Sn094,35,62,39,61,33.587,62.695,51.629,45.438
Sn095,33.1,68.5,39,67,35.291,63.725,41.938,64.84
Sn096,36,60,40,51,39.002,59.798,46.536,57.246
Sn097,30.5,63,32,60,39.13,61.157,39.802,56.812
Sn098,36.8,60.6,36,59,40.25,58.04,45.693,47.459
Sn099,40,60,39,42,41,56,41.233,48.984
Sn100,45,43,41,59,43.8,57,53.794,46.31
Sn101,29.5,68.5,40,60,40.253,61.055,50.774,39.274
Sn102,33,64,34,60,37.494,60.96,40.528,52.26
Sn103,32.5,68,36,60,37.2,66.046,42.676,61.286
Sn104,32,61.5,31,60,35.1,62.68,24.17,64.441
Sn105,29.5,68.5,32,61,26.347,62.458,39.362,62.788
Sn106,43.5,61.5,41.8,59.5,41.103,59.67,32.455,58.472
Sn107,32.5,64,39,60,35.563,62.362,39.413,48.225
Sn108,33.5,65,39,60,32.802,62.548,56.93,40.685
Sn109,42,60.5,41,33,44.6,60,47.988,49.939
Sn110,31,68,38,61,37,64,47.819,56.266
Sn111,44.3,61.5,39,61,44.7,61.602,48.028,62.404
Sn112,36,64.5,40,60,37.6,61,47.612,38.947
Sn113,43.5,60.5,40,60,45.573,54.551,44.969,56.92
Sn114,31.5,63.5,33,60,39,58,36.144,62.785
Sn115,43,60.5,41,60,42.1,60,44.733,54.921
Sn116,32,63,37,60,30,60,41.913,57.775
Sn117,40.5,60.5,40,60,46.313,54.846,42.08,48.025
Sn118,32.5,66.5,30,60,33.424,60.563,25.466,64.67
Sn119,32.5,65.5,39,61,37.658,63.784,37.654,55.637
Sn120,36.5,61,34,61,41.009,59.822,28.087,63.415
Sn121,33.5,64,41,51,35.125,60,46.944,39.073
Sn122,42.5,62,42,60,47.8,56,41.961,61.917
Sn123,31,65,40,60,39.3,60.09,41.454,60.232
Sn124,36,62.5,37,60,41.04,59.06,42.513,46.896
Sn125,38.5,60,41,42,44.6,63.206,42.491,41.885
Sn126,32,62.5,39,60,35.249,60.59,41.606,59.408
Sn127,38.5,60.5,43,45,38.1,60,50.717,41.3
Sn128,38,63,33,68,41,60,35.782,68.552
Sn129,32.5,62,37,60,35.542,61.158,36.1,50.882
Sn130,44,58,41,60,44.073,59.04,46.422,49.697
Sn131,40.5,60.5,44,41,40.5,61.05,55.228,44.73
Sn132,39.5,62.5,44,40,43.7,63,55.721,39.927
Sn133,40,60,43,48,43.025,51.059,45.169,44.747
Sp001,39.5,60.5,47,60,41.191,60.134,52.392,41.193
Sp002,31.5,63,36,60,29.864,67.463,37.893,49.12
Sp003,31,67.5,30,56,31.999,64.649,38,44.664
Sp004,33.5,63.5,32,60,40.146,65.224,42.107,58.612
Sp005,26.5,68.5,30,60,32.934,65.131,37.408,50.154
Sp006,29,65.5,31,59,26.38,66.407,35.285,58.095
Sp007,27,66,29,60,23.184,64.903,30.553,61.095
Sp008,31.5,63.5,33,60,32.5,62,35.359,51.477
Sp009,30.5,68,29.5,64.5,33.591,60.686,32.96,58.315
Sp010,32.1,65,31,61,33.33,65.237,44.773,60.823
Sp011,28.5,70,34,61.5,25.1,68,31.366,63.909
Sp012,25,69,31.5,66.8,30.359,63.334,38.306,57.083
Sp013,30.5,62,34,60,34.9,63.1,35.093,53.327
Sp014,31.5,60,34,60,33.938,60.08,42.219,59.945
Sp015,37.9,58.8,34,60,43.405,55.244,39.439,57.691
Sp016,31,67,33.5,61,38.1,63.1,38.864,52.966
Sp017,32,63.5,34,60,38.1,60,40.845,51.107
Sp018,31,61.5,35,60,26.285,63.549,35.444,49.954
Sp019,32.3,62.5,37,56,32.739,60.967,44.639,45.553
Sp020,29.5,64,34,60,29.49,64.89,37.453,53.298
Sp021,28.5,66.5,32,61,32.181,63.122,41.268,50.06
Sp022,35,60,37,38,36.153,57.664,41.298,35.034
Sp023,30.5,61.5,30,62,29.2,65.08,37.165,59.5
Sp024,29.5,62.5,39,53,28.347,67.612,45.006,46.49
Sp025,24.8,65,39,60,27.112,58.531,45.242,53.493
Sp026,29.5,65,33,62,36.254,62.826,25.881,59.172
Sp027,36,68,30,64,40.657,60.093,36.991,62.047
Sp028,30.5,67,35,60,34.508,63.815,34.497,56.008
Sp029,30.5,62,35,60,39.687,62.296,43.616,42.65
Sp030,39.5,60.5,40,60,37.862,61.821,37.813,56.557
Sp031,32.5,61,36,50,36.642,60.156,39.891,61.945
Sp032,29,64.5,30,60,27,60,41.71,54.662
Sp033,27,69.5,33.7,61,33.382,65.332,34.231,61.615
Sp034,31,71,40,61,31.7,69.25,35.493,62.221
Sp035,38.5,61.5,41,52,34.201,60.829,40.954,50.482
Sp036,36.5,60.5,37,60,45.1,58,45.866,45.602
Sp037,29,61,40,30,31.697,62.727,43.475,51.082
Sp038,33,60,37,56,38.561,60.134,33.017,58.363
Sp039,22.8,68,22,74,35.25,62.719,24.302,70.683
Sp040,30,66,32,60,30.698,60.647,37.582,47.485
Sp041,33,65.5,37,60,37.234,65.273,43.769,54.464
Sp042,31.5,61,33,60,38.218,60.301,39.632,59.029
Sp043,30,62.5,37,61,30.102,60.05,35.186,57.705
Sp044,36.5,66.5,31,69.5,41.7,64,28.708,64.223
Sp045,60.6,61.3,61,58,60,63,58.353,46.541
Sp046,33.5,61,37,60,39.332,59.561,43.514,53.896
Sp047,34.5,66,32.5,60,34.1,64.04,33.168,59.6
Sp048,38.5,60,39,48,40.106,60.084,38.804,43.913
Sp049,30,63,34.2,60,34.135,60.339,34.471,49.172
Sp050,34.5,60,40,36,42.868,60.043,37.968,48.382
Sp051,23.85,68.23,29,60,29.288,67.171,40.778,52.024
Sp052,37,61.5,39,61,40.164,58.843,49.406,58.442
Sp053,37.5,60,40.6,56,42,60,36.354,62.008
Sp054,30,67,28,60,31.423,66.204,38.749,60.439
Sp055,31,60.5,34,60,34.067,57.483,35.182,59.554
Sp056,31.5,61,34,61.5,36.82,60.22,44.283,49.156
Sp057,30,64.5,37,60,30.752,65.009,45.962,52.859
Sp058,26.5,69,28.45,64.025,36.118,61.263,34.946,61.118
Sp060,30,62.5,29,61,35.581,65.515,35.179,51.8
Sp061,29.5,68.5,29,60,32.772,67.996,38.997,61.497
Sp062,28.5,69.5,32,64.5,35.451,65.488,15.308,70.564
Sp063,29,68,29,62,33.298,64.229,29.662,48.773
Sp064,32,65.5,32.5,65,38.143,62.148,34.899,61.401
Sp065,32.5,65.5,31.25,66.32,35.171,58.265,36.365,57.757
Sp066,32.2,61.6,42,34,32.434,58.255,44.204,34.816
Sp067,30,62,34,60,34.188,60.336,37.485,60.94
Sp068,31.5,56,48,31,39.1,57.24,56.01,36.993
Sp069,27,65.5,33,49,33.551,63.29,37.66,49.5
Sp070,30,63.5,33,41,30.208,63.083,32.929,54.34
Sp071,29.5,62.5,39,36,31.327,60.924,45.4,39.6
Sp072,25.3,66,44,37,29.691,60.85,28.487,54.147
Sp073,35.5,60.5,38,51,34.944,52.261,46.076,52.522
Sp074,30.5,62.5,41,43,35.1,67,46.111,53.933
Sp075,25.5,65,34,61,29.067,65.77,38.101,59.857
Sp076,29,66,35,60,36.043,64.016,25.175,63.685
Sp077,29.8,62,25,60,29.31,61.364,16.625,67.08
Sp078,28,64.5,35,60,33.099,62.783,36.855,61.902
Sp079,31.5,68,41,30,29.369,65.262,36.022,41.295
Sp080,36.5,60.5,33,60,35.34,61.35,32.594,64.14
Sp081,20,65.5,26,61,34.02,60.48,33.422,60.451
Sp082,28,67,40,51,24.201,67.426,42.258,60.223
Sp083,30.5,65,36,57,36.5,60,38.067,50.005
Sp084,30,61.5,34,42,35.912,60.438,38.344,50.583
Sp085,35.5,61,39,40,37.398,57.999,44.507,39.719
Sp086,34,60,40,60,43.1,60.05,46.772,47.005
Sp087,42.8,32,36,52,43.95,31.99,35.957,50.224
Sp088,40.5,58.5,44,48,37.372,57.072,40.311,59.601
Sp089,33.5,62.5,34,61,34.164,61.716,33.888,62.782
Sp090,32.5,61,40,34,36.774,58.25,40.45,41.69
Sp091,32,61.5,46,32,39.526,58.568,39.545,48.667
Sp093,28,62,45.7,33,27.36,61.745,48.317,34.166
Sp094,32.5,60,35,60,34.2,61.2,37.992,43.269
Sp095,31.5,60,34,48,36.2,61,32.397,50.083
Sp096,28.5,67,31,60,36.989,62.593,37.169,59.694
Sp097,28.5,62.5,29,49,30.303,62.893,39.768,53.47
Sp098,35.5,62,33,60,34.34,56.275,15.559,63.915
Sp099,30.5,63,31,60,30.982,60.189,40.501,54.91
Sp100,29.5,66,32,60,31.4,60.394,41.519,57.071
Sp101,34.45,59.1,33,60,39.4,61.24,41.677,58.69
Sp102,31,65,37,50,23.815,66.488,34.34,56.254
Sp103,31.5,61.5,40,60,33.207,63.067,38.387,59.888
Sp104,30.5,60.5,33,60,34.29,62.435,42.318,53.987
Sp105,54,32.5,42,52,54.155,32.728,35.942,49.155
Sp106,33,60.5,34,60,37.859,57.646,44.52,57.59
Sp107,26,67.5,31,61,23.965,62.645,35.246,51.782
Sp108,22,69,27,61,33.716,61.176,33.005,54.017
Sp109,28,63,33,60,29.7,63.08,38.053,60.565
Sp110,33.1,43.6,39,37,36.266,49.834,32.9,57.58
Sp111,30.5,60.5,35,58,34.29,60.022,37.795,52.192
Sp112,26.5,70,33.5,61,17.866,67.576,35.807,61.135
Sp113,31,61,40,57,37.316,64.329,44.58,56.466
Sp114,30.5,60.5,36,60,40.998,59.3,35.945,54.308
Sp115,26.5,65.5,40,60,26.285,65.267,36.872,59.427
Sp116,31,62,36,47,19.502,70.535,40.8,39.844
Sp117,26,68,32,56,33.597,66.878,37.148,46.585
Sp118,29.8,65.5,33,60,30.917,67.096,42.882,55.078
Sp119,26.5,64,35,60,34.338,59.468,47.943,43.43
Sp120,29.5,61.5,40,43,32.36,58.172,38.984,52.788
Sp121,30.5,62.5,34,41,31.12,58.897,44.657,39.635
Sp122,30.25,66.35,36,56,34.612,62.935,38.951,52.48
Sp123,30.5,66,33,62.5,31.469,66.02,33.98,50.295
Sp124,28,64,27,60,25,62,34.298,50.799
Sp125,31.5,62.5,31,60,36.023,59.999,37.515,55.167
Sp126,31.5,67.5,36,61,38.244,62.203,26.334,65.004
Sp127,34,60.5,38,43,44,59,42.624,39.903
Sp128,31.5,65,34,52,41.2,60.05,35.645,54.348
Sp129,27.5,69.5,32,63,29.367,68.665,33.235,64.454
Sp130,31,65,32,60,33.782,66.02,30.984,56.231
Sp131,29.5,59.5,30,62,39,60,38.977,62.763
Sp132,26,73,29,71,25.272,74.393,35.017,71.565
Sp133,29,68.5,34,60,32.512,63.678,21.798,61.427
Sp134,24.5,63.5,30,60,36,59.9,37.359,53.49
Sp135,27.5,68.5,32,61,24.9,64.25,32.933,57.618
Sp136,28,69,31,61,24.089,65.361,38.524,62.852
Sp137,33.5,60.5,34,60,39.1,61.4,45.24,59.593
Sp138,29.5,62.5,38,50,35.909,60.043,35.481,46.5
Sp139,30,61,43,42,40.25,62.725,42.754,48.82
Sp140,29.5,61.5,41,61,35.507,60.53,32.867,62.391
Sp141,33,62,43,58,30.459,58.716,39.211,53.301
Sp142,35.5,60,44,44,39.251,59.882,46.731,38.134
Sp143,30,66.5,33,60,25.763,69.174,26.837,60.584
Sp144,42,60,39,60,40.014,58.104,45.308,60.433
Sp145,29,67,33,61,31.253,70.969,28.514,66.276
Sp146,23.2,68,27,69,30.2,70.13,24.357,62.615
Sp147,27,65,27,69,22.342,64.273,36.133,59.446
Sp148,39.8,62,33,61,41,61,31.964,60.334
Sp149,29.5,67,31,66.5,39.857,61.551,35.559,48.328
Sp150,31,61.5,36,39,33.422,48.716,36.702,49.661
Sp151,33.5,62,39,35,35.402,61.877,38.863,55.062
Sp152,32,66,28,72,36.842,62.236,31.943,61.382
Sp153,30.8,62.5,31.5,61,31.308,61.512,29.54,56.38
Sp154,27,66,31,64,29.8,62.52,38.558,62.053
Sp155,26.5,69,33,59,34.577,62.589,46.126,44.61
Sp156,29.833,62.5,40,56,37.273,62.635,43.936,37.948
Sp157,35,61,36,60,39.7,61.66,44.093,57.268
Sp158,40,60,38,60,39.753,58.837,28.322,58.135
Sp159,28.5,63.5,40,38,33.054,56.252,43.778,42.718
Sp160,31,65,40,60,38.4,64,48.7,38.84